Query;#issued;#clicks;#clicks_on_relevant_items;#relevant_items_in_top_10;topic_id
philadelphia independence hall by train;1;0;0;0;59
poconos nearest airport;1;1;0;5;19
destination vacations;1;2;1;3;26
US cutbacks on space exploration;1;0;0;0;45
dulles airport;5;0;0;5;2
suny;1;1;0;0;38
cultural wedding celebrations;1;0;0;0;12
Worth getting a PHD in business;1;0;0;2;3
Bollywood national awards;1;1;0;5;29
developmental  milestones children east asia;1;2;1;8;40
east asain child development;1;0;0;10;40
How do water turbines work;2;1;0;0;49
should reduce its spending on space exploration or not;1;0;0;0;45
Things to do within 150 miles of Philadelphia;1;0;0;0;59
dehumidifiers advantages;1;0;0;10;25
it consulting;1;0;0;0;41
best weight loss workouts;1;5;0;2;16
quit smoking hypnosis;4;2;0;8;4
designer dogs breeding;2;3;3;20;28
God, Naturalism theory;1;1;0;0;14
weddings traditions of different cultures;1;0;0;0;12
dehumidifiers buying guide;1;1;1;10;25
after the face transplants;1;1;1;9;5
CROSS BREED DOGS;1;1;1;10;28
designer breed dogs;1;0;0;4;28
scientific glassblowing;3;3;3;30;33
Kenya recipes;1;0;0;0;1
weight loss;1;0;0;2;16
red bull us laws;1;0;0;6;24
12 month baby delopment;1;0;0;0;11
Traditional Swahili dishes;3;0;0;3;6
Cyprus economic crisis;1;1;1;10;36
should I get an MBA;1;0;0;0;3
whre is bollywood;1;0;0;8;29
teacher peer evaluation;5;12;12;44;58
Dulles airport trandportation;1;0;0;0;2
exercises, diets, fitness;1;0;0;0;16
Kenyan foods;2;0;0;0;1
are gun bans constitutional;1;1;1;3;22
Pocono Mountain hotels;1;1;1;7;19
PhD in business use;1;0;0;3;3
scientific advances glass;1;0;0;6;33
naturalism;3;0;0;0;14
voip benefits;1;1;1;10;15
bollywood awards;3;2;1;3;29
swahili dinner;1;0;0;9;6
Pocono visit;1;0;0;5;56
how to lose weight;1;0;0;0;16
SUNY colleges bioinformatics;2;1;0;0;38
bollywood mumbai;1;1;1;1;9
water turbines clean;1;0;0;0;49
red bull health effects;1;0;0;8;24
Red bull health concerns;1;1;1;10;24
Swahili cuisine;3;1;1;20;47
charity hiv aids malaria africa;1;0;0;7;60
internet phone service benifits;1;0;0;10;44
403(b) retirement or IRA;1;1;1;6;53
best voip providers;1;7;2;3;15
is a business phd worth it;1;2;0;0;3
ingredients of redbull;2;0;0;20;24
How to make a road trip fun;1;0;0;0;43
minority employees;3;0;0;30;46
effects of gun control;1;0;0;4;22
best internet phone service reviews;1;0;0;9;15
red bull health concerns;6;0;0;52;24
helping someone with depression;1;0;0;10;17
us law prohibiting "redbull";1;0;0;0;24
second effects of quitting smoking;1;0;0;6;4
red bull negative effects;1;0;0;8;24
race scheduele for churchill downs;1;2;1;4;31
gun crime in australia;2;0;0;0;23
eurozone recovery;1;1;1;3;36
dehumidifier shopping guide;1;1;1;8;25
fitness goal;2;1;0;0;16
port arthur massacre and guns;1;0;0;6;23
trip to the United States;1;0;0;0;32
HIV/AIDS charities in africa;2;0;0;1;60
company diversity percentage;1;0;0;0;46
port arthur gunman;1;1;1;10;23
advantages and disadvantages of teachers' evaluation by students;1;0;0;8;58
where is port arthur located;1;0;0;6;51
banning red bull;1;1;1;1;24
international wedding rituals;1;2;0;0;12
high school peer and teacher evaluations better;1;0;0;0;58
dehumidifier cheap value;1;0;0;10;25
collagen vascular symptoms;1;1;1;10;42
India pageant win history;1;0;0;0;57
hydropower damns;2;0;0;20;21
information about gun homicides in Australia before and after Port Arthur Massacre;1;1;0;3;23
Chase data centers locations;1;0;0;5;55
UK safety nets;1;0;0;3;52
PhD in business after master's degree;1;0;0;1;3
hotels poconos;1;0;0;7;19
kenya recipe;1;2;2;10;30
high quality dehumidifier;1;1;1;4;25
Pocono Mountains hotels;1;0;0;3;56
best citites in United States;1;1;0;5;32
"space exploration expenses";2;0;0;0;45
Russian Submarine Kursk;2;2;2;18;8
diversity at work;1;2;0;0;46
dulles airport van sharing;2;0;0;0;2
how to run a business;1;0;0;0;41
winter vacation lodging in the pocono mountains;1;2;1;5;19
gun crime in Australia before and after 1996;1;0;0;0;23
road trip guides;1;1;0;0;43
understanding the effects of pseudocyesis;1;2;2;9;18
Connecticut fire academy curriculum length;1;0;0;3;54
road trip fun;1;2;0;0;43
Could Hydroelectric power replace fossil fuels and what is the cost per kWh?;1;0;0;0;49
Bollywood rank in the world;1;0;0;4;29
pros and cons of crossing purebred dogs;3;0;0;12;28
water turbines  types;1;0;0;0;49
JP Morgan Chase Data Center;3;1;1;27;55
how to restring guitar;1;0;0;0;5
hiv/aids charity;1;0;0;1;60
What makes an internet phone service great;1;0;0;10;44
bollywood stars;3;2;2;30;29
pseudocyesis disorder;1;0;0;1;18
healthy ways to quit smoking;1;1;0;3;4
resolving the eurozone crisis;1;0;0;0;36
Glassblowing throughout the centuries science;1;0;0;5;33
Churchill downs schedule;1;1;1;7;31
water turnbines;1;0;0;0;49
silicone roof coating material;1;0;0;2;37
lara dutta policies;2;2;0;0;57
developmental milestones age 0-12 South Korea;1;0;0;2;40
new venture;2;0;0;0;41
Lara Dutta indian government;1;0;0;1;57
paris vacation;1;0;0;10;26
charities in Africa hiv aids;2;2;2;6;60
health benefits of quitting smoking;1;0;0;2;4
dehumidifier price range;1;0;0;10;27
0 - 12 month baby devolopmental stagages;1;0;0;0;11
Pocono Mountain parks;1;1;1;10;56
Port Arthur Massacre australia;1;1;1;10;51
Road trip adventures;3;9;0;0;43
mba vs phd business salaries;1;0;0;3;3
us govt. space exploration;2;1;0;0;45
swahili cooking;8;2;0;20;1
Martin Bryant  guns Australia;1;0;0;1;23
Eurozone crisis history;1;0;0;10;39
kentucky derby breeders cup;1;0;0;2;31
technology start up planning;1;0;0;0;41
Merck lobbying against legislation;1;1;1;3;35
traditional Swahili dishes;5;0;0;34;47
world cup 1998 stock market france;2;0;0;17;13
racing schedule at churchill downs;1;1;0;3;31
India government and Bollywood;1;0;0;9;9
US government  spending on space exploration;5;0;0;0;45
JP Morgan Chase data center investments;2;0;0;8;55
kiursk sinking;1;0;0;0;8
designer dogs benefits;1;1;1;10;28
Kenyan recipes;1;1;0;0;1
pseudocyesis advances false pregnancy psychology;1;0;0;10;18
best places in usa to visit;2;0;0;0;32
weddings traditions around the world;1;0;0;0;12
Philosophy existence of god;1;0;0;0;14
weddings traditions;1;0;0;0;12
Swahili dishes guide;1;0;0;10;47
how to quit smoking;8;3;0;24;4
Eurozone crisis cause;1;0;0;10;39
cheap parking near Dulles airport;1;0;0;0;2
silicone roof coating house temperature;1;0;0;7;37
Bollywood and government policies;1;0;0;0;9
new entrepreneur;1;2;0;0;41
employer-offered 403(b) vs. personal IRA;1;0;0;5;53
bollywood legislation;4;0;0;28;9
swahili foods;2;0;0;10;1
why did kursk sink?;1;0;0;6;7
Connecticut Fire Academy official site;2;0;0;7;34
Russian Submarine Kursk fleet;1;1;1;10;8
1998 world cup france president reaction;1;0;0;10;13
red bull banned country list;1;0;0;6;24
child development in japan;1;1;1;8;40
best material for roof coating to keep low temperatures;1;0;0;0;37
spending too much on space exploration;1;0;0;0;45
developmental milestones for infants in East Asian;1;0;0;4;40
Merck Gardasil;1;0;0;3;35
phd in business;2;0;0;4;3
miracet;1;0;0;0;4
Pocono Mountains Pennsylvania lodging;1;0;0;6;19
gun homicides in Australia;2;0;0;6;23
Child development depends on culture;1;0;0;0;11
What to see in Philadelphia, PA;1;0;0;0;59
SUNY colleges names;1;0;0;0;38
list of SUNY colleges;3;1;0;0;38
jp morgan largest data center location;1;0;0;2;55
cooking a traditional Swahili dish;1;0;0;0;1
roof insulation;1;1;0;0;20
france world cup victory wikipedia;1;0;0;0;13
Red Bull drink;1;1;1;4;24
benefits of having a PhD in business;1;0;0;1;3
traditional swahili food;4;0;0;31;47
voip;3;4;4;30;15
water turbine hydroelectricity;1;0;0;0;49
internet phone review;1;0;0;5;44
best way to roof house to keep it cool;1;1;0;0;37
poconos;4;3;1;15;56
pocono mountains weather;1;0;0;10;19
Where is Port Arthur;1;0;0;8;51
vacation new zealand best hotels;2;1;1;3;26
safety nets US;1;0;0;2;52
WHere is Suny Albany Hospital located;1;2;0;0;38
Swahili dish recipes;1;0;0;7;47
save on air conditioning roof protector;1;0;0;0;20
world cup 1998 france;1;0;0;10;13
employee evaluation;2;1;1;12;48
Suny colleges that offer scholarships;1;2;0;0;38
bollywood policies;1;0;0;10;9
churchill downs kentucky derby museum;1;2;1;6;31
fireman training;1;0;0;0;34
smoking cessation success rate;1;0;0;3;4
Charities r HIV or AIDS in Africa;1;0;0;1;60
india government miss universe;1;0;0;4;57
alternative to air conditioning;1;0;0;0;20
reasons for designer dogs;1;1;1;7;28
Merck and Co. legislation;1;0;0;10;35
JP Morgan Chase data centers;8;9;9;77;55
Indian miss world competitions;1;0;0;10;57
dulles airport buss tops;1;0;0;0;2
how to keep your roof cool;2;0;0;2;20
churchill downs;1;0;0;10;31
port arthur prison killings;1;0;0;6;23
infant developmental milestones based on culture;1;0;0;0;11
existence of God to evidence that supports the naturalism theory;3;10;3;4;14
practices of evaluating employees;1;0;0;6;48
peer evaluation versus student evaluation;1;0;0;3;58
phd business  cost/benefit;1;0;0;2;3
swahili dishes;8;2;2;20;1
tips on evaluating employees;1;1;1;8;48
fitness and weight loss;1;0;0;0;16
Swahili traditional food guide;2;0;0;20;47
depression help;3;3;0;0;17
succeed in new venture;1;1;0;0;41
red bull drink ingredients;1;2;1;5;24
what is a good idea for employees at a company;1;0;0;0;46
dehumidifier amazon;1;0;0;9;25
64845;1;0;0;0;18
Lara Dutta government;1;1;0;1;57
french reaction world cup 1998;1;0;0;10;13
technology venture capital;1;0;0;0;41
mba  salaries;1;0;0;0;3
Traditional kenya recipes swahili;3;0;0;0;6
roof sun exposure;1;0;0;0;20
european economic trouble;1;1;0;2;36
red bull us ban;1;0;0;6;24
women and minority employees benefit;1;1;1;4;46
is red bull healthy;1;0;0;8;24
advantages in teacher evaluation;1;1;1;6;58
Port Arthur massacre;5;5;5;40;51
Red bull ban;1;0;0;1;24
what is the best internet phone service;1;1;1;4;44
women employees and minority employees;3;1;1;28;46
Pocono Mountain things to do;1;2;2;10;56
metro near Dulles airport;1;1;0;0;2
Pocono Mountains Pa;1;0;0;4;19
philadelphia sightseeing;2;0;0;1;59
India government policies Bollywood;1;0;0;9;9
tax on junk food pros;1;0;0;6;10
Indian miss universe political issues.;1;0;0;10;57
Swahili;1;1;1;8;6
were is bollywood;1;0;0;5;29
doctorate vs masters in business;1;0;0;0;3
fitness guides;1;0;0;0;16
data centers morgan chase;1;0;0;7;55
traditional Swahili recipe;2;2;2;20;30
traditional weddings asia;1;0;0;0;12
quiz for fireman skills;1;0;0;0;34
UK US safety nets;1;0;0;1;52
merck lobbying affecting policy;1;0;0;2;35
cultural develpmental differences +infants;1;0;0;0;11
JP morgan centers;2;0;0;4;55
diverseties being employed;1;0;0;1;46
business advance education pros cons;2;0;0;0;3
infants  east asia;1;1;0;6;40
gun control and its effects on gun violence;5;7;7;50;22
teacher peer evaluation or teachers' evaluation by students;1;0;0;6;58
how face transplants affect patients;1;3;3;10;5
benefits of phd business;1;0;0;1;3
State University of New York college list;2;1;0;0;38
Philadelphia tourist attractions;1;1;0;0;59
What were the names of the victims?;2;0;0;0;51
milestones children east asia;1;3;3;9;40
great road trip  ideas;1;0;0;0;43
Churchill Downs information;1;1;0;8;31
restring guitar;1;0;0;0;5
are nicotine patches helpful;1;0;0;0;4
Suny Albany location;1;2;0;0;38
French people reactions to 1998 world cup win;1;0;0;6;13
Merck and Co.;1;0;0;10;35
designer dogs;10;0;0;100;28
how to choose an internet phone service;1;0;0;5;44
philadelphia  locations;1;0;0;0;59
UK vs US differences healthcare;1;1;0;0;52
Pocono Mountains attractions;1;2;2;10;56
cost/benefits advanced education in business;3;0;0;0;3
Connecticut Fire Academy  skills;1;0;0;6;34
Philadelphia tourism;2;4;0;0;59
Fitness and diet;1;0;0;1;16
becoming a fireman in connecticut;1;0;0;0;34
why god exsists;1;0;0;0;14
Miss Universe;2;0;0;14;57
National Parks at Pocono Mountains region;1;1;1;10;56
red bull banned;7;2;0;9;24
glass blowing history;2;0;0;13;33
malaria, africa, charities;1;0;0;9;60
homicide statistics australia;1;0;0;0;23
designer dog pros and cons;1;1;1;10;28
what to see around philedelphia;3;0;0;30;59
teacher peer evaluation vs evaluation by students;1;3;2;4;58
new york SUNY colleges;1;0;0;0;38
wedding traditions ceremonies;1;0;0;0;12
god existence compare to naturalism;1;0;0;0;14
how to cook Swahili;2;0;0;0;1
apply for a State University of New York;1;1;0;0;38
JP Morgan Chase computational scientist;1;0;0;9;55
benefits of getting a Phd in business;1;0;0;1;3
Lara Dutta;7;0;0;7;57
1998 France world cup win reactions;1;1;1;10;13
kenya dishes;1;0;0;0;1
peer evaluation;2;0;0;11;58
space exploration expenditure;1;0;0;0;45
SUNY "international students";2;0;0;0;38
best way to diet and exercise;1;0;0;0;16
evaluating workers;1;0;0;9;48
types water turbines;1;0;0;0;49
new york SUNY college life;1;1;0;0;38
Miss Universe lara dutta india government;1;0;0;2;57
Dulles airport;11;4;0;11;2
benefits of junk food tax;1;0;0;5;10
ethnic wedding cerimonies;1;1;0;0;12
things to do in philadelphia;3;2;0;0;59
403 vs IRA;1;0;0;10;53
US government  spending +space exploration;2;0;0;0;45
shinto wedding informaton;1;0;0;0;12
facial transplant;1;0;0;5;5
uk safety nets;1;0;0;4;52
evaluating employees;1;1;1;6;48
JP Morgan Chase data centers +  Google, Microsoft and Facebook's data centers;1;0;0;6;55
gun control correlation violence;1;4;3;6;22
eurozone financial comparison;1;0;0;0;50
IT entrepreneur help;1;1;0;0;41
australia homicides;1;2;1;1;23
culture difference in milestones in 0-12 month olds;4;0;0;0;11
employee evaluations;3;4;4;18;48
does god exist?;1;1;0;1;14
voip providers free europe calls;1;1;0;4;15
Merck lobby support;1;0;0;0;35
Eurozone crisis GDP;1;2;0;0;50
new york city;1;0;0;1;26
face transplant procedure;1;3;3;6;5
silicon roof coating;1;0;0;4;37
wedding;1;0;0;0;12
entrepreneur tips;1;3;0;0;41
how to help someone who is depressed;2;1;1;20;17
Bollywood history;1;0;0;1;29
red bull bad for you;1;0;0;5;24
cooking swahili dishes;1;1;0;3;30
the best internet phone services;1;2;2;4;15
diversity workplace hiring;1;0;0;1;46
gun bans;1;0;0;3;22
political leaders in europe;1;3;1;1;36
cheap VOIP internet phone services;1;0;0;5;15
autralia homicide rates;1;0;0;0;23
Indian governmental policy miss universe;2;0;0;20;57
does god exists;1;0;0;1;14
growth of bollywood;1;0;0;10;9
uk vs us healthcare;1;1;1;1;52
other culture wedding tradition;1;2;0;0;12
jp morgan chase compulational scientist;1;0;0;5;55
poconos nearest aiport;1;0;0;4;19
gun control constitutional;1;3;3;6;22
dehumidifiers reviews low cost;1;0;0;10;25
hydroelectic power;2;1;0;0;49
red bull side effects;9;7;7;90;24
countries affected by eurozone crisis;1;2;0;0;50
Pocono Mountains region nation parks;1;2;2;10;56
recommended percentage female workers;1;0;0;2;46
technology information;1;0;0;0;41
Swahili food ingredients;2;0;0;12;47
SUNY bioinformatics;2;0;0;0;38
swahili traditional dishes;2;0;0;11;47
Hydropower information;1;2;1;2;21
VOIP Providers;1;5;5;10;15
SAVE ON air conditioning;1;1;0;0;20
non-smoker health insurance rates;1;0;0;0;4
Russian Submarine Kursk Commander;2;1;1;20;8
air conditioning alternatives;2;0;0;1;20
france world cup 1998 reaction;1;0;0;10;13
bollywood growth;5;0;0;42;9
different weight loss programs;1;0;0;1;16
healthcare in the US;1;0;0;0;52
psychologists;1;0;0;10;17
Solar panels;1;0;0;0;20
entrepreneur successful;1;1;0;0;41
five star hotel in pennsylvania US;2;0;0;0;19
india growth bollywood;1;0;0;10;9
dehumidifier prices;2;0;0;20;27
glassblowing history;1;0;0;10;33
usa adventure travel;1;0;0;1;32
apply for a State University of New York college;1;0;0;0;38
benefits of target percentage of women and minorities;1;1;1;6;46
cross between two purebred dogs;2;1;0;6;28
philadelphia map;1;0;0;0;59
wedding culture;1;0;0;0;12
historic sites philadelphia;1;0;0;0;59
403 or IRA better;1;0;0;10;53
causes of Pseudocyesis;4;0;0;10;18
Tips for lowering room temperature;2;0;0;0;20
naturalism support;1;0;0;0;14
comparing internet phone service;1;0;0;5;44
PhD in Business cost/benefit analysis;1;0;0;1;3
travel to united states;1;1;0;0;32
dehumidifier low price;1;0;0;2;25
philedelphia travel guide;3;0;0;30;59
benefits of having advanced education in business;1;0;0;1;3
winter vacation in the pocono mountains;1;0;0;8;19
good vs bad road trip;1;0;0;0;43
pseudocyesis information;1;1;1;10;18
merck pharmaceutical legislation;1;1;1;4;35
Indian + Beauty Pagents;1;0;0;0;57
Submarine Kursk;1;1;1;10;8
french reaction winning World cup;1;0;0;8;13
european economic crisis fix;1;0;0;8;36
best material for silicone roof coating;1;0;0;6;37
wedding ceremonies of different cultures;1;0;0;0;12
work from home;1;0;0;0;56
dulles airport metro stations;1;0;0;0;2
Dulles airport wikipedia;3;3;0;0;2
switch from regular phones to internet phone services;1;0;0;6;15
silicone roof coating material solutions;1;0;0;0;37
lara dutta govern;1;0;0;0;57
parks poconos;1;1;1;6;56
Eurozone crisis economic effects;1;0;0;0;50
non-smoker insurance rates;1;0;0;0;4
banning of red bull drink;1;0;0;3;24
traditional swahili cooking;1;1;0;0;1
seattle;1;1;0;0;32
voip providers;2;1;1;20;15
world cup france1998 french fan reaction;1;0;0;7;13
activities in the Pocono Mountains;1;2;2;7;56
residential dehumidifier;1;1;1;7;27
403 retirement;1;0;0;7;53
kursk  sub;1;1;1;10;8
SUNY plattsburg athletics;1;1;0;0;38
hydroelectric environmental impact;2;0;0;0;49
hiring minorities;1;0;0;1;46
benefits mba phd;1;1;0;4;3
phd business cost benefti;1;0;0;2;3
make road trips fun;1;0;0;0;43
guitar strings;1;0;0;0;5
roof sun protecting energy savings;1;0;0;0;20
reducing air conditioning keeping roof cool;1;0;0;1;20
cool ideas road trips;1;2;0;0;43
us government space exploration spending;1;0;0;0;45
how to get in shape exercise;1;0;0;0;16
Poconos fishing;1;0;0;10;19
programs to quit smoking;1;1;1;6;4
Students evaluation of teachers;2;2;2;20;58
australia wedding;1;0;0;0;12
UK safety nets healthcare;1;2;0;2;52
plan an exciting road trip;1;1;0;0;43
Smoking qutting tips;1;0;0;10;4
theological argument;1;0;0;0;14
traditional swahili food list;1;0;0;9;6
suny bioinformatics degree;1;0;0;0;38
business masters worth it;1;0;0;1;3
Bollywood and politics;2;4;1;8;9
growth of Bollywood and its relation to Indian politics;1;0;0;0;9
jersey shore;1;0;0;0;26
Pocono Mountain;1;1;1;10;19
traditional Swahili dish;1;0;0;0;1
planning road trip;2;4;0;0;43
buy it for life dehumidifier;1;2;1;5;25
perform employee evaluations;3;0;0;0;48
India government Ministry of Films;1;1;1;4;9
typical developmental milestones for infants age 0-12 months in East Asian countries;1;0;0;2;40
swahili;2;0;0;10;47
Red Bull health problems;1;0;0;9;24
dallas weins;1;0;0;0;5
kursk sinking;2;2;2;20;8
NASA cutbacks;2;0;0;0;45
gun homicides before and after the shooting Bryant of Hobart;1;0;0;0;23
information about face transplants;1;0;0;9;5
gun crime after Port Arthur Massacre;1;0;0;1;23
bollywood growth in india;1;1;1;8;9
russian submarine Kursk +wiki;1;0;0;10;8
internet phone;3;1;1;12;44
fun violence control constitutional;1;0;0;2;22
plan a road trip guide;1;2;0;0;43
development stages of infants in east asia;1;1;1;10;40
What to see in and around Philadelphia, PA;1;0;0;1;59
babies developmental milestones culture difference;3;2;0;0;11
how much does exploring space cost;1;0;0;0;45
what food do people like to eat in kenya;1;0;0;0;1
us space program;1;1;0;0;45
top bollywood heroes;1;0;0;2;29
babies developmental milestones cluture;2;0;0;0;11
face transplants;20;8;8;200;5
port arthur massacre victims names;1;0;0;9;51
IRA advantages;1;0;0;10;53
impacts of collagen vascular disease;1;1;1;9;42
space exploration spending;1;0;0;0;45
how to evaluate your employees;1;3;2;2;48
face transplants research;1;1;1;10;5
bollywood name meaning;1;0;0;10;29
road trip seattle;1;3;0;0;43
how to choose an internet phone;1;0;0;3;44
advantages in teacher peer evaluation;1;1;1;2;58
Pocono winter vacations;1;1;1;4;19
kenya swahili cooking;1;0;0;0;1
Bollywood affecting  government;1;0;0;4;9
jp morgan data centers;2;2;2;20;55
weight loss ideas;1;0;0;2;16
kenya food recepies;1;0;0;0;1
designer dogs reasons;1;0;0;8;28
Filmfare awards;1;1;0;0;29
red bull banned in country;1;0;0;6;24
Fire service training;1;1;0;2;34
Bollywood location;1;0;0;10;29
US and UK health care and social security systems;4;0;0;3;52
teacher peer evaluations disadvantages;1;0;0;5;58
Benefits advanced education in business;3;0;0;3;3
Red Bull ingredients;2;0;0;14;24
vacation kids;1;0;0;2;26
teacher peer evaluation vs. teachers' evaluation by students;1;0;0;5;58
kenyan dishes + Swahili dish;1;0;0;1;6
how do water turbines work;4;1;0;0;49
lara dutta;1;1;0;1;57
HIV CHARITIES IN AFRICA;1;1;0;4;60
lake tahoe hotels;1;1;0;0;26
best road trip;1;0;0;0;43
road trip + vacation;1;0;0;0;43
VOIP features;1;1;1;10;15
road trip games;1;1;0;0;43
actions taken resolve eurozone crisis;1;2;0;1;36
France world cup win reactions;1;0;0;4;13
fitness exercises;1;2;0;0;16
VOIP Companies;1;0;0;9;15
ongoing Eurozone crisis;1;0;0;4;39
merck washington;1;0;0;5;35
space exploration financial;1;1;0;0;45
understanding pseudocyesis;1;1;1;1;18
churchill downs schedule;2;1;1;14;31
how to start an IT firm;1;0;0;0;41
tech startup tips;1;0;0;0;41
should I get a phd in businesss?;1;0;0;0;3
the breeders cup races;1;0;0;2;31
Swahili traditional dishes;1;0;0;0;1
kursk submarine;1;1;1;9;7
what to look for in a internet phone service provider;1;2;0;0;44
investments made on the   JP Morgan Chase  data center;1;0;0;4;55
who speaks swahili;1;0;0;4;47
silicon roof benefits;1;0;0;0;37
should i get an MBA;1;0;0;0;3
developmental milestones age 0-12 China;1;0;0;2;40
Indian government pageant;1;0;0;0;57
how to succeed in information technology ventures;1;3;0;0;41
Types of dehumidifiers;1;2;2;5;27
evidence of god;2;5;2;3;14
swahili people;1;1;1;10;47
kursk russia;1;0;0;10;8
Pocono Mountains parks;2;0;0;12;56
vacation ideas;2;1;1;7;26
french winning only one world cup;1;0;0;5;13
charities fighting Malaria in Africa breakdown of funds;1;0;0;5;60
Pocono Mountains vacation;1;1;1;10;19
dallas airports hotel area;1;1;1;10;2
Cause and effects of Eurozone crisis;1;0;0;2;39
what is the naturalism theory?;1;0;0;0;14
popular vacation cities;1;1;0;0;32
niagra falls vacation;1;0;0;0;26
women employment percentage target;1;0;0;7;46
SUNY Plattsburgh;1;0;0;0;38
does phd help in getting job after mba;1;0;0;10;3
advice for new entrepreneurs;1;1;0;0;41
IRA disadvangtages;1;0;0;10;53
Where is Bollywood Located?;1;0;0;1;29
travel pocono mountains pennsylvania;1;0;0;6;19
Greece economic crisis;1;2;1;5;36
world cup france1998;1;0;0;5;13
Indian politics behind miss universe win;1;0;0;10;57
voip features;1;1;1;10;15
vacations in the United States;1;0;0;0;32
red bull healthy;2;1;1;12;24
internationsl scholarships  SUNY;1;0;0;0;38
causes eurozone crisis;2;6;4;6;39
what are traditional swahili dishes;1;0;0;10;47
recent advances in understanding the causes of Pseudocyesis;4;0;0;21;18
cost of  vacations;1;0;0;0;26
side effects of Red Bul;1;0;0;1;24
is having a certain number of women or minorities for percenage;1;0;0;0;46
firearms google australia;1;0;0;0;23
cause submarine Kursk Barents;1;0;0;6;7
water turbine environmental impact;1;0;0;0;49
infants developmental milestones;1;0;0;0;11
quit smoking cold turkey;2;0;0;2;4
stock market world cup 1998;1;0;0;6;13
designer dog;5;0;0;50;28
WHICH COUNTRY IS SAFETY NETS FOR WORKING JOB US OR UK;1;0;0;10;52
Planning great road trip;1;0;0;0;43
how to get in shape;1;1;0;0;16
face transplants information;5;4;4;44;5
where to vacation for a week;1;0;0;6;26
employee evaluation questions;1;0;0;8;48
gun laws australia;1;1;0;1;23
PhD in Business advantages;1;0;0;2;3
SUNY colleges scholarships;1;0;0;0;38
Dulles aprport;1;0;0;0;2
WHICH IS BEST COUNTRY FOR WORKING US OR UK;1;0;0;10;52
benefits breeding dogs;1;0;0;10;28
business phd study;1;0;0;3;3
stop smoking programs;1;0;0;0;4
european economic crisis;4;4;4;23;36
ice cream shops;1;0;0;0;59
seating for churchill downs;1;0;0;9;31
scholarships  SUNY;1;1;0;0;38
merck lobby corruption;1;0;0;5;35
turbine clean power;1;1;0;0;49
SUNY colleges international scholarships;1;0;0;0;38
What were the nationalities of the victims?;1;0;0;1;51
how to run a technology business;1;0;0;0;41
JP Morgan data center locations;1;0;0;7;55
things to do poconos;2;4;2;8;19
Merck lobbying committes;1;0;0;5;35
403(b) vs IRA;1;0;0;10;53
pocono mountain winter;1;0;0;10;19
Traditional dishes of kenya;2;0;0;3;6
new target for women and minorities being employed;1;0;0;2;46
Fitness and diets;1;0;0;0;16
bollywood and the indian politics;1;0;0;3;9
philadelphia zoo;1;1;0;0;59
different wedding traditions;1;0;0;0;12
Pseudocyesis;10;3;3;100;18
Political climate and kursk;1;0;0;6;7
hybrid dog;2;0;0;2;28
target percentage diversity;1;0;0;0;46
naturalism theory againstgod;1;2;0;0;14
united states vacation spot;1;1;0;0;32
Voip features;1;0;0;10;15
Indian government policies and Miss Universe competition;1;0;0;6;57
PhD in Business and MBA;1;0;0;1;3
Banning Red Bull energy drink;1;2;0;0;24
social security US v. UK;1;0;0;4;52
God versus naturalism;1;0;0;0;14
things to do in Philadelphia;1;2;0;0;59
SUNY college life;1;1;0;0;38
dehumidifiers;2;1;1;20;25
swahili dishes wiki;1;0;0;9;6
laws and rules Indian Film industry;1;0;0;1;9
US healthcare safety nets;1;2;0;0;52
health care providers in UK;1;0;0;6;52
VOIP phones;1;1;1;5;15
DEPRESSION;1;2;1;4;17
Martin Bryant killed;4;0;0;28;23
health care  us;1;0;0;0;52
different wedding ceremonies;1;0;0;0;12
1998 world cup france;1;0;0;10;13
fireman salary;1;0;0;0;34
seattle vacation;1;1;1;10;26
internet phone benefits;1;1;1;6;44
How to keep AC use down;1;0;0;0;20
VOIP internet phone service providers USA;1;0;0;5;15
swahili restaurant;1;0;0;8;47
India pageant wins;1;2;0;2;57
developmental milestones chinese infants;1;0;0;5;40
bollywood location;2;1;1;20;29
signs of depression;1;1;0;2;17
Connecticut fire academy graduates per year;2;1;0;9;54
traiditional swahili recipes;2;1;0;0;1
submarine Kursk wiki;1;0;0;10;7
percentage of female workers;1;0;0;3;46
how to succeed as IT entrepreneur;1;2;0;0;41
phone service review;2;0;0;7;44
how did the climate affect the submarine Kursk sinking;1;0;0;5;7
resources that attempt to determine the effect of the Port Arthur Massacre on gun crime in Australia.;2;0;0;0;23
USA NASA funding;1;0;0;0;45
gun crime in Australia;1;0;0;0;23
Europe economic recovery;1;0;0;1;36
Philadelphia site;1;0;0;0;59
pocono mountains shopping;3;1;1;24;56
jp morgan data center;1;0;0;10;55
what is being done about eurozone;1;0;0;0;36
SUNY albany hospital;4;3;0;0;38
dehumidifier values;1;1;1;10;25
face transplants overview;1;0;0;10;5
suny bioinformatics;1;1;0;0;38
"water turnbines";1;0;0;0;49
images of swahili food;2;0;0;10;47
best world wedding tradions;1;0;0;0;12
best weight loss tips;1;3;1;2;16
guitar restring;1;1;0;0;5
what happened after france won world cup 1998;1;0;0;10;13
Masters degree in Business is worth getting a PhD in Business;1;0;0;0;3
designer dog breeds;1;0;0;5;28
resolving Eurozone crisis;1;0;0;0;36
Indian government miss world;1;0;0;10;57
PhD in business advantages;1;0;0;2;3
The History of glassblowing centuries;2;0;0;4;33
infant milestones depending on culture;1;0;0;0;11
JP Morgan computational scientist;1;0;0;3;55
united states best cities to stay;1;0;0;0;32
information technology entrepreneur,;1;0;0;0;41
energy efficient roof;1;0;0;0;20
dehumidifier simple low price;1;0;0;2;25
Merck Campaign suport;1;0;0;3;35
developmental milestones of an infant;1;0;0;0;11
scientific glassblowing history;1;0;0;10;33
Philadelphia tourism guide;1;1;0;4;59
French reaction to winning the world cup;1;0;0;10;13
homicide  bryant;1;0;0;0;23
hire percentage minorities;1;0;0;3;46
should the US reduce its spending on space exploration or not;1;1;0;0;45
scientific glassblowing examples;1;1;1;9;33
niagra falls theatre;1;0;0;0;26
air conditioning;2;0;0;20;20
bollywood government;2;1;1;20;9
tax on "junk food" good idea;1;0;0;6;10
Eurozone crisis by country;1;0;0;0;50
Philadelphia visitor guide;1;0;0;0;59
hydropower technology;1;1;1;3;21
types of collagen vascular disease;3;5;5;30;42
all suny colleges;1;1;0;0;38
Recent development in understanding the cause of Pseudocyesis;1;0;0;10;18
JP morgan data centers;1;0;0;10;55
city trips in the United States;1;0;0;0;32
United States best cities;1;0;0;1;32
US space  budget;1;0;0;0;45
Lara Dutta of India;1;0;0;0;57
malaria charity africa;2;1;1;14;60
help someone depression;1;0;0;0;17
wedding ceremonies different religions;1;0;0;0;12
mix of purebred dogs;1;0;0;1;28
french winning world cup 1998 reaction;1;0;0;10;13
france 1998 world cup win reactions;1;1;1;9;13
reflect sun roof;1;0;0;0;20
kenya swahili dinner recipes;1;0;0;0;1
exercise tips;1;0;0;1;16
determining internet phone service;1;0;0;4;44
space exploration US;1;0;0;0;45
roof protector;1;0;0;0;20
benefits of business phd;1;0;0;1;3
Kenya  Swahili dishes;1;0;0;1;6
Effects of gun control;1;1;1;4;22
kenya food;6;0;0;15;6
pros of silicone roof coating;1;1;1;6;37
face transplant wiki;2;3;3;20;5
Nasa Spending;1;0;0;0;45
Miss Universe 1194;1;0;0;6;57
pocono mountains vacations;1;1;1;9;19
kenya foos;2;0;0;0;6
health hazards of red bull;1;0;0;4;24
swahili traditional food;1;0;0;1;6
how beneficial is it to quit smoking;1;0;0;4;4
Miss Universe in 2000;1;0;0;4;57
State university of New York;1;1;0;0;38
vonage;1;2;0;1;44
Where is bollywood?;1;1;1;5;29
pros and cons of US space exploration;2;0;0;0;45
how to get in shape diet;1;1;0;0;16
Theory of evolution;1;1;0;0;14
selecting internet phone service;1;0;0;4;44
safety nets US vs Uk;2;0;0;0;52
china infant milestones;1;0;0;10;40
how to start a tech business;1;0;0;0;41
developmental milestones infants in asia;1;1;1;5;40
infant milestones in china;2;0;0;10;40
Russian nuclear submarine Kursk;1;1;1;2;7
new Business venture information;1;0;0;0;41
france 1998 world cup reaction;1;1;1;10;13
developmental milestones China;1;0;0;4;40
famous glass blowing;1;0;0;10;33
activities pocono;1;0;0;10;19
fitness tips;2;0;0;0;16
vacation destination costs;1;0;0;1;26
French World Cup 1998;1;0;0;10;13
Swahili dish recepies;1;0;0;0;1
Pros and Cons of space exploration;1;0;0;0;45
News + Russian submarine Kursk sinking;1;0;0;8;8
about bollywood;1;1;0;5;29
JP morgan chase history;1;1;1;10;55
does gun control effect gun violence;1;0;0;10;22
Connecticut Fire Academy  how to;1;0;0;5;34
australia gun crime;1;0;0;0;23
road trip planning;1;0;0;0;43
Kursk;3;0;0;25;7
Internet phone service great;1;1;1;6;44
Bollywood  growth;3;0;0;22;9
Merck us policy;1;0;0;0;35
united states best cities to visit;1;1;0;0;32
infant developmental milestones;1;1;0;0;11
social security united kingdom;1;0;0;2;52
doctoral degree worth it?;1;0;0;0;3
kenya dish;1;0;0;10;30
uk social services safety nets;1;0;0;0;52
red bull health;2;0;0;14;24
sites close to philadelphia;1;0;0;0;59
US ban on Red Bull;1;0;0;5;24
fat tax;1;1;0;0;10
austerity unemployment debt eurozone crisis;1;2;0;0;50
junk food tax pros;1;4;4;10;10
Red Bull;2;0;0;18;24
long term effects Eurozone crisis;1;0;0;10;39
manager employee evaluation;1;0;0;6;48
phd business degree;1;3;1;2;3
bollywood film industry;1;1;0;6;9
health care in the UK;1;1;0;0;52
advantages and disadvantages of  teachers' evaluation by students;1;0;0;1;58
roof too hot;1;0;0;0;20
programs available to help quit smoking;1;1;1;6;4
how to run new venture;1;0;0;0;41
what is  collagen disease;1;0;0;3;42
cultures traditions wedding ceremonies;1;0;0;0;12
smoking cessation products;1;0;0;3;4
kursk sank due to russian politics;1;0;0;4;7
students evaluating teachers;3;0;0;23;58
business PhD costs and benefits;1;0;0;5;3
efficiency of solar panels;1;0;0;1;20
Kenya;2;0;0;6;6
gun homicide in australia;1;1;0;1;23
pros cons cross breeding dogs;1;0;0;4;28
effects of eurozone crisis;2;0;0;0;50
taxing high calorie snacks;1;0;0;0;10
good road trip;1;2;0;0;43
traditional Swahili food information;1;1;1;9;6
kursk sub;1;3;3;10;8
gun control effects;2;2;1;8;22
how russian politics sunk the kursk;3;0;0;9;7
cultural infant developmental milestones;1;1;0;0;11
best VOIP provider;1;1;1;10;15
dehumidifier price ranges;1;0;0;4;27
hiv charity africa;1;1;1;2;60
space exploration waste of money;2;1;0;0;45
Port Arthur prison colony;1;0;0;8;23
best internet service;1;0;0;2;44
merck anc co lobby;1;0;0;5;35
safety nets US vs UK;1;0;0;0;52
how much has the US spent on space exploration;1;0;0;0;45
healthcare united states;1;0;0;0;52
junk food tax benefits;1;0;0;7;10
Traditional swahili recipes;1;0;0;1;6
attractions philadelphia;1;7;0;0;59
Eurozone crisis solutions;1;0;0;3;36
world cup 1998 french people reactions;3;0;0;26;13
kentucky derby;2;0;0;6;31
roof cooling;1;0;0;1;37
social security system uk;1;0;0;7;52
hiv charities;1;2;0;1;60
best VOIP internet phone services;1;0;0;9;15
face transplants affect lives of patients;1;0;0;10;5
best road trips;1;0;0;0;43
california;1;1;0;0;26
best exercise programs;1;0;0;1;16
social security system us;1;0;0;2;52
trip philadelphia train;1;0;0;0;59
too much being spent on US space exploration;1;0;0;0;45
FALSE PREGNANCY;1;0;0;3;18
roof sun exposure energy savings;1;0;0;0;20
what is wrong with designer dogs;1;1;0;5;28
submarine Kursk and cold war;1;0;0;10;7
peer evaluation versus student evaluation teacher;1;0;0;5;58
french reaction to 1998 world cup win;1;0;0;9;13
pocono mountains google directions;1;0;0;10;19
Miss Universe 1994;1;0;0;6;57
Water turbines;1;0;0;0;49
Indian government involved with miss universe;1;0;0;7;57
developmental milestones for infants in east asia;1;1;1;4;40
swahili food traditional;1;0;0;1;6
india government bollywood;1;0;0;10;9
debate usa govt. space program spending;1;0;0;0;45
eurozone economic crisis;1;1;1;6;36
Kursk sinking;1;0;0;10;8
mba versus phd;1;0;0;2;3
Churchill Downs seating;1;0;0;10;31
facial transplants;1;0;0;5;5
doctoral program benefits;2;0;0;0;3
port arthur massacre effects;1;0;0;7;23
Which Internet phone service is best;1;0;0;3;44
employee minority quotas;1;0;0;1;46
things for an enjoyable roud trip;1;0;0;0;43
Pocono vacations;1;2;2;10;19
port arthur massacre gun crime;1;0;0;1;23
france world cup 1998 market reaction;1;0;0;8;13
traditional swahili foods;1;0;0;0;1
best places to go;1;0;0;0;32
growth of Bollywood and government policies;1;0;0;0;9
death toll of port arthur massacre;1;0;0;7;51
Teacher peer evaluation vs student evaluations;1;2;2;7;58
hotels near Dulles airport;1;1;0;0;2
growth in bollywood government;1;0;0;10;9
swahili food recipes;1;1;0;5;30
tourist attractions in Philadelphia, PA;1;0;0;0;59
us vs uk health care;1;0;0;0;52
Swahili foods;3;0;0;10;6
proof god exsists;1;1;0;0;14
sun reflection roof;1;0;0;0;20
water turbine outline;1;0;0;0;49
Churchill downs racing schedule;1;1;0;6;31
side effects of Red Bull;1;0;0;10;24
mexico vacations;1;0;0;3;26
PhD in Business benifits;1;0;0;3;3
kenya recipes;3;4;4;20;1
SUNY international students;1;0;0;0;38
Masters in Business cost;4;0;0;1;3
pros of getting a PhD in business;1;0;0;2;3
differences in wedding ceremonies around the world;1;0;0;0;12
turbine effieiency;1;0;0;0;49
materials for silicone roof coating;1;0;0;4;37
exciting road trips;1;1;0;0;43
health care systems in UK;1;1;1;5;52
Philadelphia;2;0;0;0;59
fire academy;3;3;0;0;54
when do chinese babies learn how to talk;1;0;0;2;40
aids charities economy africa;1;0;0;4;60
traditional swahili dishes;6;0;0;60;47
france world cup win 1998;1;0;0;8;13
diversity quota hiring;1;2;0;0;46
face transplant;1;0;0;10;5
liberty bell tours in Philadelphia, PA;1;0;0;0;59
Port Arthur massacre victims;1;0;0;9;51
jp morgan chase data centers locations;1;0;0;10;55
water turbine wiki;1;0;0;0;49
best cities in US;1;1;0;0;32
Kenyan swahili dishes;3;1;0;0;1
best cities travel in US;1;0;0;0;32
russian submarine sinking 2014;1;0;0;0;8
pros of desginer dogs;2;0;0;2;28
saftey nets  us;1;0;0;0;52
SUNY;3;2;0;0;38
how to decide on internet phone service;1;3;3;6;44
water turbine types;3;0;0;0;49
UK vs US  differences health care;3;0;0;0;52
churchill downs seating;2;1;1;20;31
eurozone crisis resolutions;2;4;3;4;36
Russian Submarine Kursk sink;1;1;1;9;8
submarine Kursk Russia;1;1;1;5;7
attic insulation;1;0;0;0;20
SCIENTIFIC ADVANCES GLASSBLOWING;1;5;5;10;33
theories of the exsistence of god;1;0;0;0;14
compare internet service;1;0;0;2;44
government junk food tax;1;6;3;4;10
reviewing  internet phone service;1;0;0;4;44
gun homicides australia by year information;1;0;0;0;23
403b or IRA account;1;2;1;6;53
location dulles airport;1;0;0;0;2
student evaluating teachers;1;0;0;3;58
What is the Bollywood equivalent of the Oscars?;1;2;0;1;29
russian politics 2000;1;0;0;0;7
Pros and cons of gun control;1;0;0;1;22
autralia homicide rates after 1996;1;1;0;0;23
Miss Universe, India, Government;2;1;0;7;57
Portugal, Spain, Ireland, Greece, and Cyprus;3;0;0;11;36
VOIP provider reviews;1;3;3;10;15
Kenya food;2;2;1;4;6
eurozone portugal crisis;2;0;0;6;36
russian sub;1;0;0;0;8
percentage women employees;1;0;0;6;46
best retirement fund;1;0;0;10;53
free calls from the US to some European countries voip;1;1;1;10;15
naturalism and god;1;0;0;0;14
SUNY college +  international student scholarships;1;0;0;0;38
pocono mountains activities;4;4;3;28;56
fun violence control;1;0;0;4;22
france 1998 stock market;1;0;0;0;13
philadelphia capital;1;0;0;0;59
designer dog status symbol;1;1;1;10;28
no more smoking;1;0;0;10;4
"Connecticut Fire Academy";1;0;0;10;54
Churchill Downs schedule;1;2;1;7;31
medical help for depression;1;1;1;3;17
Why the US should not continue space exploration;1;0;0;0;45
Things to do close to Philadelphia on vacation;1;2;0;0;59
face transplant results;1;0;0;10;5
Connecticut Fire Academy information;1;0;0;2;54
Who was the killer?;2;0;0;0;51
NASA cutbacks pros and cons;1;0;0;0;45
Things to do in philly within 150 miles;1;0;0;0;59
Chase Data Center;1;0;0;10;55
Internet phone service pros;1;0;0;4;44
pacific northwest road trip;1;0;0;0;43
go sightseeing;1;0;0;0;59
Kursk Submarine How many crewman lost;1;0;0;10;8
fitness and dieting;1;1;0;1;16
port arthur massacre wiki;1;0;0;9;51
food recipes  Swahili;1;0;0;0;1
percentage women minority employees;1;0;0;6;46
Red Bull side effects;2;3;3;20;24
pocono mountains skiing;1;0;0;8;19
space exploration budget;1;0;0;0;45
niagra falls things to do;1;0;0;0;26
what countries have banned red bull;1;0;0;3;24
tax on "junk food";3;4;3;27;10
weddings from round the world;1;0;0;0;12
churchill downs ticket sale times;1;0;0;8;31
What is the Bollywood equivalent of oScas?;2;0;0;4;29
dog breeding;2;0;0;4;28
diversityworkplace;1;0;0;0;46
response to economic crisis in Europe;1;0;0;2;36
Indian governent policies on beauty competitions;2;0;0;2;57
culture marriage;1;0;0;0;12
how to evaluate employees;2;4;4;11;48
data center morgan chase;3;5;3;26;55
is an internet phone service worth it;2;0;0;11;44
JP Morgan data centers;2;4;4;20;55
creating your own business;1;0;0;0;41
Benefits of student evaluations;2;0;0;3;58
Churchill Downs racing schedule;3;1;1;18;31
US space exploration budget;1;0;0;0;45
naturalism theory agaianst god;1;0;0;0;14
expedia pocono mountains;1;0;0;9;19
Port Arthur massacre death toll;3;0;0;24;51
pennsylvania state parks;1;0;0;0;56
medical referrals for depression;1;0;0;10;17
Russian submarine Kursk on-board commander;1;1;1;10;8
employees us vs uk;1;0;0;1;52
different developmental milestones in 0-12 months;3;0;0;0;11
spain   economic recovery;1;0;0;0;36
glassblowing 18th century;1;0;0;10;33
Dulles airport transportation;1;1;0;0;2
environmental impact of hydroelectricity;2;0;0;0;49
designer dogs pros and cons;2;3;3;20;28
cultural effects on child developmental milestones;1;2;0;0;11
weight loss lifting;1;2;0;2;16
merck lobby;1;4;4;10;35
collagen vascular disease;18;28;28;180;42
swahili desserts;1;0;0;10;6
how to protect roof from sun exposure;1;1;0;0;20
JP morgan;1;0;0;6;55
SUNY Albany hospital location;2;4;0;0;38
Kiursk wikipedia;1;0;0;0;8
swahili dishes recipes;1;0;0;0;1
water turbines;11;4;0;0;49
water turbines cost;1;0;0;0;49
swahili dish ingredients;1;0;0;0;47
quitting smoking cold turkey\;1;0;0;1;4
solar panel;1;0;0;0;20
weddings in other cultures;1;0;0;0;12
HIV/AIDs/Malaria charities in Africa;1;1;1;1;60
Merck lobbying Efforts;1;1;0;5;35
HIV/AIDS charities;1;0;0;0;60
find dehumidifier for best value;1;0;0;7;25
kentucky derby museum;5;1;1;50;31
france world cup economy;1;0;0;4;13
entrepreneur succeeding;1;2;0;0;41
SUNY Albany hospital location\;1;0;0;0;38
phd business;3;1;0;6;3
Kursk submarine sinking;1;1;1;10;8
technology business startup;1;3;0;0;41
traditional Swahili cuisine;2;0;0;14;47
gun crime in Australia Port Arthur Massacre;1;0;0;2;23
french  winning World cup;1;0;0;4;13
choosing internet phone service;1;0;0;7;44
Port Arthur;5;4;4;25;51
swahili cuisine;1;0;0;0;1
british health care system;1;0;0;0;52
does indian government control the miss universe competitions;1;0;0;4;57
Martin Bryant;6;6;6;60;23
hotels in the united states;1;1;0;0;32
face transplants affect the lives of patients;1;0;0;7;5
collagen vascular disease sports;5;2;2;46;42
Churchill downs;1;2;2;10;31
india government beauty pagents;1;0;0;0;57
advantages of hiring more women and minorities;1;0;0;0;46
Miss Universe India;1;0;0;0;57
why own a designer dog;1;0;0;8;28
chicago area;1;0;0;0;32
france world cup reaction;2;0;0;12;13
JPMorgan Chase data center;1;4;3;8;55
types of water turbine;1;0;0;0;49
effect of collagen vascular disease;1;2;2;9;42
PROTECT ROOF HEAT;1;0;0;0;20
pocono mountains pennsylvania vacation;1;0;0;5;19
what is  collagen vascular disease;1;0;0;10;42
Things to do near Philadelphia while visiting?;1;0;0;0;59
submarine Kursk on-board commander;1;0;0;4;8
existence of god;1;1;0;1;14
cook swahili food;1;0;0;0;47
Ugali recipe;1;0;0;1;30
dehumidifier features;2;3;2;9;27
technology entrepreneur;7;0;0;0;41
stock market world cup 1998 france;1;0;0;10;13
women and minorities being employed;1;1;0;3;46
wedding traditions asia;1;0;0;0;12
How to reduce the use of air conditioning;1;0;0;5;20
benefits of getting a PhD in business;1;0;0;1;3
what European politicians are doing about the country;s economic issues;1;0;0;2;36
bioinformatics degree SUNY;1;1;0;0;38
how face transplants affect the lives of patients;5;0;0;32;5
collagen vascular disease treatment;1;0;0;10;42
eurozone crisis impact;1;0;0;0;50
Red Bul;1;0;0;2;24
voip international;1;3;0;1;15
vacation destinations;1;0;0;3;26
Charities + HIV or AIDS in Africa;1;0;0;1;60
403(b) retirement;1;1;1;5;53
gun control violence;1;2;2;9;22
bollywood and the indian government;1;0;0;4;9
smart business owners;1;0;0;0;41
events;1;0;0;0;19
Voip;1;0;0;10;15
designer dogs critics;1;0;0;2;28
weight loss exercises;1;2;1;1;16
cross breed dogs;1;0;0;1;28
designer dogs pros;1;0;0;2;28
russian sub sinking;1;0;0;0;8
Martin Bryant homicide australia;1;0;0;1;23
effects of port arthur massacre on gun crime;1;0;0;1;23
Red Bull energy drink Health risk;1;2;2;5;24
IRA;1;0;0;4;53
Philadelphia what to do within 150 miles by train;1;0;0;0;59
merck campaign contributions;2;0;0;3;35
Miss Universe Indian government, Miss Universe in 2000;1;0;0;7;57
naturalist theories;1;0;0;0;14
reduce spending on space exploration;1;0;0;0;45
hydroelectric power Newtons laws;1;1;0;0;49
tech start up tips;1;0;0;0;41
mixed dog breeds;1;0;0;2;28
indian government deciding in miss world;1;1;1;5;57
how  god exsists;1;0;0;0;14
best way to evaluate your employees;2;3;0;1;48
guitar string tutorial;1;0;0;0;5
does gun control reduce violence;1;0;0;3;22
internet phones;1;1;1;4;44
Merck policies;1;0;0;0;35
add new strings to guitar;1;0;0;0;5
swahili diet;1;1;0;9;47
number of dead port arthur massacre;1;0;0;8;51
pseudocyesis advances;4;3;3;40;18
Swahili dishe;1;0;0;9;6
swahili dish;5;0;0;32;6
Russian nuclear submarine Kursk sank;1;0;0;6;7
Eurozone crisis;15;4;1;52;39
fire connecticut;1;0;0;3;54
403(b) retirement vs personal IRA;1;3;2;6;53
business owner how to;1;0;0;0;41
how to run a successful business;1;2;0;0;41
developmental milestones for asian infants;1;1;1;4;40
women employment percentage;1;0;0;9;46
health care in UK;1;0;0;10;52
kursk;3;4;3;20;7
Filmfare awards 2013;2;0;0;0;29
economic troubles;1;0;0;0;36
Gun control;1;1;1;10;22
gun violence control constitutional;1;0;0;7;22
Recent development + Pseudocyesis;1;0;0;3;18
merck and co. government;1;0;0;6;35
quit smoking;6;5;5;36;4
Merck lobbying  against;1;2;1;5;35
churchill downs and kentucky derby museum;1;0;0;5;31
chase computer data center;1;0;0;10;55
five star hotel in pocono mountains region;2;0;0;10;19
different developmental milestones;1;0;0;0;11
employee evaluation guide;3;4;3;19;48
What makes a dehumidifier good?;1;1;1;3;25
sign of depression;1;0;0;2;17
swahili recipes;9;7;1;28;1
breeding designer dogs;1;0;0;2;28
Miss Universe India controversy;1;0;0;6;57
airfare pocono mountains;1;0;0;8;19
Pocono Mountains region things to do;1;1;1;4;19
dehumidifier specs;7;4;4;66;27
god existence theory;1;1;0;1;14
collagen vascular;1;0;0;10;42
high school peer and teacher evaluations advantage;1;0;0;0;58
Best United States Vacation Cities;1;0;0;1;32
Where is Bollywood;1;0;0;0;29
Connecticut Fire Academy,;1;0;0;9;34
Indian government Miss Universe competition;1;0;0;7;57
new users guide to voip;1;0;0;6;15
VOIP consumer reviews;1;1;0;9;15
best dehumidifier;2;1;1;10;25
job placement women and minorities target percentage;2;0;0;3;46
redbull health concerns;2;0;0;6;24
travel to US;1;0;0;0;32
providers of VOIP;1;0;0;10;15
dehumidifier walmart;1;0;0;4;27
cool home without air conditioning;1;0;0;0;20
women and minority employees percentage;2;2;1;14;46
symptoms of depression;1;2;0;1;17
Lara Dutta policys;1;1;0;0;57
Pocono sights;1;0;0;3;56
Merck and Co;2;0;0;20;35
submarine Kursk political effect;1;0;0;10;7
supreme court on banning guns;1;1;0;0;22
places around Pocono Mountains;1;0;0;10;19
help choosing retirement plan;1;0;0;0;53
How to quit smoking;1;0;0;3;4
mountain region;1;0;0;0;19
JP Morgan Chase locations data centers;1;0;0;7;55
data centers;1;0;0;1;55
swahili recipe;2;1;1;19;6
bollywood politics;1;0;0;10;9
wikipedia wedding;1;0;0;0;12
red bull laws;2;1;0;14;24
Firefighter training;1;1;0;0;34
pocono mountain society;1;2;2;10;56
Kenya traditional cuisine swahili;2;0;0;0;6
google voice review;2;0;0;20;44
JP Morgan Chase google;1;1;1;8;55
internet phone service;7;5;5;70;44
usa travel;1;1;0;0;32
French citizens reaction to winning the World Cup 1998;1;0;0;10;13
russian submarine kursk;1;0;0;10;8
Why India wins beauty competition 200;1;0;0;1;57
german wedding traditions;1;0;0;0;12
minortiys are better employees then others?;1;0;0;1;46
developmental milestones age 0-12 Thailand;1;0;0;2;40
face transplants success stories;1;1;1;3;5
History of Churchill downs;1;0;0;7;31
does god exist naturalism;1;0;0;1;14
pseudocyesis;2;4;4;20;18
Kenyan Swahili dishes;2;0;0;4;6
Response to Eurozone crisis;2;1;1;4;36
US public sentiments on space exploration;1;0;0;0;45
new york SUNY albany hospital;1;2;0;0;38
milestones and culture;1;0;0;0;11
Churchill downs museum;1;2;2;5;31
nasa costs;1;1;0;0;45
quitting smoking;2;0;0;10;4
Firefighter skills;1;0;0;0;34
liberty bell;1;0;0;0;59
junk food in public schools;1;0;0;6;10
indian government beauty pagents;1;0;0;0;57
african cooking;1;2;0;0;1
united states vacation areas;1;0;0;0;32
charities fighting AIDS in Africa;1;0;0;1;60
Pros of gun control;1;0;0;2;22
Churchill Downs breeders cup races 2014;1;0;0;6;31
ice cream in Philadelphia, PA;1;0;0;0;59
Kursk sinking russia;2;0;0;15;8
Pocono things to do;3;0;0;15;56
france world cup 1998;1;0;0;10;13
junk food tax pros and cons;1;1;1;4;10
dehumidifier cheap;1;0;0;10;25
Pocono Mountains  things to do;1;2;2;8;56
god vs naturalism;3;0;0;0;14
Red Bull Dangers;1;0;0;8;24
US government space spending pros;1;0;0;0;45
beauty pagents in india;1;0;0;0;57
Connecticut Fire Academy curriculum;3;0;0;17;54
port arthur massacre;7;5;4;50;51
voip service;1;0;0;6;15
How to quit somking;1;0;0;3;4
is god real;1;0;0;0;14
company percentage women and minorities;1;0;0;0;46
donate money to charities;1;0;0;3;60
is a business phd degree worth it;2;0;0;3;3
dehumidifier buying guide;1;1;1;4;27
historic sites philadelphia 150 miles;1;2;0;0;59
world cup 1998 france stock market;1;1;1;10;13
African charities that fight malaria;1;1;0;7;60
Red Bull Health concerns;1;0;0;10;24
gun homicides australia statistics;1;3;0;0;23
teacher peer evaluation disadvantages;1;2;1;7;58
best internet phone servies;1;1;1;2;15
newton turbine;1;0;0;0;49
philadelphia attraction;1;0;0;0;59
evaluating empoyess;2;0;0;20;48
dehumidifier reviews buy;1;0;0;7;25
shopping dehumidifier;1;2;2;7;27
face transplants impact on patients;1;0;0;5;5
vacation new zealand;1;2;0;0;26
homicide australia;1;0;0;1;23
are women good employees;1;1;1;3;46
best hotels to stay at;1;0;0;0;26
merck pharmaceutical campaign;1;0;0;4;35
What was the killer's nationality?;2;0;0;0;51
space exploration;4;1;0;0;45
PhD in Business cost/benefits;1;0;0;2;3
existence of God;1;0;0;1;14
dulles shuttle;1;0;0;0;2
causes for pseudocyesis;1;1;1;1;18
healthcare UK;1;0;0;0;52
Business PhD benefits;2;1;0;2;3
the growth of bollywood;1;0;0;10;9
fireman career;1;0;0;0;34
Churchill Downs breeders cup;3;1;1;30;31
internet phone service selection advice;1;0;0;10;44
most efficient turbine in hydroelectricity;1;1;0;0;49
how to have a good road trip;1;1;0;0;43
Swahili recipes;4;2;1;10;47
face transplants effect on life;1;0;0;9;5
tax junk food;1;0;0;10;10
swahili official language;1;0;0;3;47
quota of woman employees;1;0;0;1;46
red bull;2;0;0;18;24
what are water turbines;1;0;0;0;49
start a technology business;1;0;0;0;41
Pocono Mountain community;1;0;0;10;56
entrepreneur succeessful;1;0;0;0;41
wedding ceremonies around the world;2;0;0;0;12
pros and cons crossing purebreds;1;0;0;0;28
masters degree worth it;2;0;0;0;3
bollywood growing;1;0;0;7;9
Merck PAC odnations;1;0;0;3;35
cooking traditional swahili dishes;1;1;1;10;6
efficiency of hydropower;2;0;0;18;21
What is silicone roof coating;1;3;3;10;37
diversity workplace;1;0;0;0;46
pocono mountain travel;1;0;0;10;19
bulb;1;0;0;0;33
firefighting training connecticut;1;0;0;3;54
business decisions new venture;4;0;0;0;41
target for percentage of new women employees;1;0;0;3;46
good idea for a government to tax junk food and high-calorie snacks;1;0;0;3;10
kenya cooking recipes;1;0;0;0;1
social security in UK;2;0;0;17;52
Best cities to visit without a car;1;0;0;0;32
is hydroelectric power clean;1;0;0;0;49
what is silicone roof coating;2;0;0;20;37
Pseudocyesis  current;1;0;0;1;18
employee evaluation  tips;1;0;0;3;48
"water turbines";1;0;0;0;49
merck pharmaceutical  pac contributions;1;0;0;3;35
developmental milestones 0-12 months per culture;1;1;0;0;11
indian government miss universe;3;0;0;17;57
Internet phone service benifits;1;1;1;9;44
weight loss guides;1;0;0;4;16
kursk sank due to russion politics;1;1;1;3;7
Churchill Downs seating chart;3;3;3;27;31
voip recommendations;1;0;0;1;44
Traditional Swahili food dishes;1;0;0;2;6
junkfood tax;1;0;0;0;10
world cup france 1998;1;1;1;10;13
naturalism theory;6;3;0;6;14
cons of designer dogs;2;2;2;13;28
depression hotline;1;1;0;0;17
employee evaluation info;1;0;0;10;48
water turbine newton;1;0;0;0;49
pseudocyesis clinical;1;0;0;1;18
internet phone service advantages;1;0;0;10;44
Pseudocyesis signs;1;0;0;1;18
Churchill downs kentucky derby museum;1;3;2;6;31
practice of crossing purebred dogs;2;0;0;6;28
cause of eurozone crisi;2;0;0;20;39
does gun control help gun violence;1;0;0;8;22
benefits of phd;1;0;0;10;3
road trip pros and cons;1;0;0;0;43
resolutions for the eurozone crisis;1;1;0;1;36
MBA salary;1;0;0;0;3
Indian government in Beauty Pagents;1;0;0;1;57
pros and cons of designer dogs;1;0;0;9;28
mba vs phd business;1;0;0;2;3
what is the best  silicone roof coating;3;1;0;6;37
Russian submarine Kursk sinking;4;2;2;40;8
running an IT firm;1;0;0;0;41
weddings japan;1;0;0;0;12
Original Swahili recipes;3;0;0;0;1
kenya food recipes;1;0;0;0;1
Indian Policies + Miss Universe;1;0;0;6;57
403(b);1;2;2;7;53
pocono mountain range;1;0;0;10;56
famous pieces of glass blowing;1;2;2;7;33
healthcare in the UK;2;1;0;0;52
chase "data center";1;0;0;10;55
historic glass blowing;1;1;1;10;33
babies developmental milestones cluture difference;1;0;0;0;11
SUNY Albany hospital address;1;1;0;0;38
activities to do near philadelphia PA;1;0;0;0;59
policies affecting bollywood film industry;3;1;0;12;9
things to do pocono mountains pennsylvania;1;0;0;7;19
Masters degree in Business  worth getting a PhD in Business;1;0;0;0;3
US government should reduce its spending on space exploration;3;0;0;0;45
face transplant life after;1;4;2;7;5
designer dog breeding;2;1;1;11;28
best trips usa;1;0;0;0;32
silicone roof coating house temperature cooling;1;0;0;1;37
malaria charity africa economy;2;2;1;12;60
history of bollywood;1;2;0;3;29
Connecticut Fireman training;1;0;0;0;34
mba versus phd cost benefit;1;0;0;1;3
benefits of us space program;1;1;0;0;45
are minorities good employees;1;1;0;2;46
gun violence;1;0;0;5;22
wedding traditions around the world;1;1;0;0;12
places to see in Philadelphia;3;0;0;0;59
best practice of employee evaluations;1;0;0;7;48
run an IT business;1;1;0;0;41
junk food tax support;1;1;1;10;10
swahili meals;1;0;0;0;1
disney world;1;1;0;0;26
glassblowing throughout the centuries.;1;0;0;8;33
main Swahili dishes;1;0;0;9;6
roof air conditioning;1;0;0;0;20
wedding traditions cultures;1;0;0;0;12
philadelphia swimming;1;0;0;0;59
bollywood name origin;1;0;0;10;29
jp morgan "data center";2;0;0;20;55
Rheumatology;1;1;0;0;42
Kursk toepedo;1;0;0;10;8
JP Morgan Chase data centers comparison microsoft facebook;1;0;0;7;55
running a new business;1;0;0;0;41
KEEPING TEMPERATURE LOW IN HOUSE WITH OUT AIR CONDITION;1;1;0;0;20
philadelphia attractions within 150 miles;1;0;0;0;59
dulles airport bus stops;1;0;0;0;2
employer-offered 403(b) retirement plan vs personal IRA;1;0;0;6;53
BYKES;1;0;0;0;59
unique wedding traditions;1;2;0;0;12
indian government lara dutta;1;0;0;1;57
SUNY Plattsburgh athletics;1;4;0;0;38
Countries that have banned Red Bull energy drinks;1;2;0;1;24
red bull negative side effects aspartame ph balance;1;0;0;2;24
good internet phone;1;2;2;6;44
quit smoking benefits;2;1;1;10;4
Benefits of quitting smoking;1;2;1;2;4
maps;1;0;0;0;19
life after face transplant;2;3;2;16;5
kenya cooking;3;1;1;22;30
swahili treats;2;0;0;20;6
what do to in the Pocono Mountains;4;0;0;40;19
pros of personal IRA;1;1;0;1;53
merck and co. united states legislation;1;0;0;10;35
Churchill  breeders cup;1;0;0;10;31
Martin Bryant of Hobart, Australia;1;0;0;1;23
churchill downs kentucky derby;2;0;0;0;31
entrepreneurship;2;5;0;0;41
Bollywood name derived from;1;0;0;6;29
Naturalism theory flaws;1;0;0;0;14
Cyprus economic issues.;1;0;0;10;36
kenya national dish;1;0;0;7;30
VOIP providers;2;1;1;20;15
Indian beauty pageant winners;1;0;0;1;57
hotels dulles airport;1;0;0;1;2
Miss Universe lara dutta;1;0;0;1;57
Kenya traditional cuisine;1;0;0;0;6
minotiy woman employees;1;0;0;1;46
red bull us legislation;1;0;0;7;24
SUNY college population;1;0;0;0;38
Ugali;1;1;0;0;30
designer dog cons;1;0;0;10;28
providers of VOIP list;1;1;1;10;15
effects of red bull;1;2;2;5;24
dolphin island;1;0;0;0;26
cheapest voip;1;0;0;10;15
Red Bull ingredients are problematic;1;0;0;6;24
things to do on a road trip;1;0;0;0;43
1998 world cup french reaction;1;0;0;10;13
Pocono travel;1;0;0;4;56
great road trip tips;1;0;0;0;43
Merck lobbying policies;1;0;0;5;35
bollywood oscars;1;0;0;1;29
internet phone providers;1;2;0;2;15
how to protect the roof being overly hot due to sun exposure;1;0;0;0;20
travel spots;1;0;0;0;26
female and minority employment targets;1;3;1;1;46
Indian influence Miss Universe competition;1;0;0;9;57
hotels pocono mountains;1;0;0;8;19
quit smoking support;1;1;1;3;4
france world cup 1998 reactions;2;0;0;20;13
cross breeding purebreds;1;0;0;5;28
bollywood's increasing popularity;1;0;0;5;9
Russian fleet;1;0;0;0;8
red bull ingredients;7;0;0;49;24
swahili herbs;3;1;1;30;47
child development in east asia;1;0;0;0;40
benefits of quitting smoking;5;3;2;16;4
face transplants effects;2;0;0;14;5
kentucky derby museam;1;0;0;2;31
internet phone services;6;1;1;42;15
where is bollywood;1;0;0;0;29
actions to end eurozone crisis;1;0;0;2;36
Traditional kenya food;1;0;0;0;6
bollywood;9;8;8;90;29
chinese wedding rituals;1;0;0;0;12
France 1998 world cup, Studies;1;0;0;6;13
it businesses;1;0;0;0;41
dulles airport metro stops;3;2;0;0;2
world cup 1998 french public reactions;1;0;0;6;13
kenyan Swahili dishes;1;0;0;2;6
swahili cake;1;0;0;9;6
Swahili dishes;20;6;6;151;47
crossbreeding dogs;1;1;0;2;28
merck pac contributions;1;1;0;3;35
sinking of the kursk submarine;1;0;0;8;8
eurozone crisis causes;2;0;0;6;39
JP Morgan Chase data;1;0;0;8;55
road trip;3;3;0;0;43
African HIV charities;1;4;4;10;60
junk food tax government;1;3;1;4;10
homicide australia bryant;1;0;0;2;23
Russian submarine Kursk;1;0;0;10;8
water turbines work;1;0;0;0;49
road trip planner;2;0;0;0;43
charities fighting Malaria in Africa 1099;1;0;0;5;60
silicone roof;3;3;1;24;37
Indian miss universse;1;0;0;10;57
When was the Connecticut Fire Academy established;1;3;2;3;54
protect roof being sun exposure;1;0;0;0;20
pros and cons of the practice of crossing purebred dogs;2;4;3;7;28
"Martin Bryant" australia;1;0;0;10;23
evaluating employee tactics;1;2;2;10;48
beauty pageants indian;1;0;0;3;57
technology behind hydroelectric power;1;0;0;10;21
French World Cup;1;0;0;3;13
MBA benefits;1;0;0;1;3
infants developmental milestones culture;1;1;0;0;11
glass science advances;1;0;0;10;33
newborn milestones china;1;0;0;10;40
is having a certain number of women or minorities good for company numbers?;1;0;0;0;46
companies with diverse hiring;1;0;0;1;46
disneyland;1;0;0;0;26
us space exploration spending;1;0;0;0;45
HOW TO COOK SWAHILI DISH;1;0;0;0;1
SUNY athletic scholarships;1;0;0;0;38
What to do in the Poconos;3;0;0;10;19
before and after the shooting Port Arthur prison colony;1;0;0;2;23
phd in business pros cons;1;0;0;0;3
women employees percentage;1;0;0;10;46
Red Bull drink health problems;1;1;1;6;24
Tips for running a successful new business;1;1;0;0;41
bollywood history;2;3;1;2;29
women minority employees percantge;1;0;0;3;46
Bollywood name;1;0;0;0;29
philadelphia eagles;1;0;0;0;59
directions from OKC to the pocono mountains;1;0;0;6;19
eu  economic recovery;1;1;0;1;36
australia homicides before 1996;1;0;0;0;23
save energy roof;1;1;0;0;20
Edison's light bulb;1;0;0;6;33
SOLAR PANEL;1;0;0;0;20
evidence that there is a god;3;0;0;0;14
teachers' evaluation by students.;1;0;0;8;58
canada vacation;1;1;1;10;26
voip phone;1;0;0;4;44
WEIGHT LOSS POSSIBILITIES;2;0;0;20;16
JP Morgan Chase data centers locations;1;0;0;10;55
Indian government policies and Lara Dutta;1;0;0;1;57
cheap internet phone service voip;1;0;0;5;15
American Cities within 150 miles of tourist attractions;1;1;0;0;32
EU unemployment rates;1;0;0;0;50
designer dogs positive effects;1;0;0;6;28
SUNY plattsburgh athletics;1;1;0;0;38
attractions around philadelphia;1;2;0;0;59
Fitness goal;1;0;0;0;16
cultural infant developmental differences;1;1;0;0;11
bollywood mumbai government;1;2;1;9;9
Easy daily exercise to get fit without equipment;2;1;0;0;16
cheapest VOIP services;1;2;2;9;15
information of Dulles airpor;1;0;0;0;2
location jp morgan data center;1;0;0;6;55
Motivation Kursk submarine sinking 2000;1;1;1;2;7
reasons to ban vending machines;1;0;0;0;10
proof of god;1;0;0;0;14
reddit smoking quitting;1;3;3;10;4
advantages phd business;1;0;0;2;3
Eurozone crisis economic troubles;1;0;0;4;36
teacher evaluations by students advantages;2;1;1;10;58
guns australia;2;0;0;3;23
Kursk sub;1;0;0;10;8
healthcare us uk;1;0;0;0;52
Methods to quit smoking;1;4;0;1;4
merck lobbyist;1;0;0;4;35
side effects of redbull;1;0;0;0;24
red bull negative side effects aspartame;1;0;0;3;24
UK US  differences health care;1;0;0;0;52
Dulles airport shuttles;1;1;0;0;2
newtons law water turbines;1;0;0;0;49
beauty pageants in india;1;0;0;2;57
reasons to quit smoking;1;0;0;3;4
submarine kursk sinking;1;0;0;10;8
merck legislation;2;0;0;20;35
economic crisis resolution;1;0;0;6;36
junk food;2;5;5;20;10
mixed dogs;1;0;0;0;28
Kursk sub dead;1;0;0;9;8
East Asian developmental milestones;1;1;1;7;40
Eurozone crisis unemployment GDP;1;1;0;0;50
submarine Kursk;2;1;1;19;7
designer dog pros cons;3;0;0;27;28
pocono;1;0;0;3;56
American Cities within 150 miles of  attractions;1;0;0;1;32
best VOIP internet phone services in US;1;0;0;0;15
fire academy in connecticu;1;0;0;5;34
Boolywood in hollywood;2;0;0;0;29
Russian submarine sank and affects;1;0;0;1;7
scientific glassblowing advances;1;1;1;8;33
face transplant patients after surgery;1;0;0;7;5
Training at connecticut fire academy;1;0;0;10;34
PhD in business;2;1;0;4;3
spending on space exploration;1;0;0;0;45
good road trip ideas;1;0;0;0;43
Port Arthur massacre killer;2;2;2;10;51
Are dehumidifiers good value for money;1;0;0;10;25
DEPRESSION SYMPTONS;1;2;0;0;17
France World Cup 1998;4;1;1;31;13
Merck lobbying for legislation;3;0;0;9;35
African charities that fight HIV;1;0;0;1;60
how to find data center;3;1;1;3;55
bollywood growing in india;1;0;0;7;9
Red bull side effects;2;2;2;20;24
Indian government + Beauty Pagents;1;0;0;1;57
world cup 1998 france public reactions;2;0;0;10;13
poconos events;1;1;0;5;56
developmental milestones 0-12 months;2;0;0;1;40
Kenya: Cuisine and Recipes;2;0;0;0;1
VOIP;1;0;0;7;44
vacation new zealand airline prices;1;2;0;0;26
how to make a road trip enjoyable;1;0;0;0;43
bollywood and the government;1;0;0;4;9
water turbine;4;3;0;0;49
negative effects of red bull;1;0;0;8;24
How many crewmen were lost in Russian submarine Kursk sinking;1;0;0;6;8
Churchill downs information;1;1;1;4;31
week long vacation idea;1;0;0;3;26
UK vs US safety nets;1;0;0;1;52
World Cup  1998 france;1;0;0;10;13
SUNY colleges;5;1;0;0;38
State University of New York colleges bioinformatics;1;0;0;0;38
Red Bull   health concerns;1;0;0;10;24
port arthur massacre names;2;0;0;11;51
sinking of submarine kursk politics;1;0;0;9;7
developmental milestons asia;1;0;0;1;40
dehumidifier prices amazon;1;0;0;10;27
world cup france1998 stock market;1;0;0;5;13
cyprus eurozone;1;2;1;4;36
Teacher evaluation;1;0;0;4;58
homicide  " martin bryant";1;0;0;7;23
france stock market world cup 1998;1;0;0;7;13
teacher peer evaulation;1;0;0;2;58
dehumidifiers benefits;1;1;1;10;25
dallas airports;1;2;2;10;2
top humidifiers;1;1;0;1;25
swahili food chickpeas;1;1;1;7;6
doctorate in business;1;0;0;0;3
wedding ceremonies;1;0;0;0;12
eating swahili;1;0;0;8;47
effect of the Port Arthur Massacre on gun crime in Australia;1;0;0;3;23
hydropower wiki;1;0;0;10;21
dog breeding mix;1;1;0;9;28
Going beyond MBA in business;1;1;0;0;3
dulles airport parking cheap;1;0;0;0;2
churchill downs seating chary;2;0;0;10;31
AIDS, Africa, charities;1;1;0;1;60
VOIP internet phone services  offer free calls from the US to European countries;1;0;0;8;15
should we tax junk food?;1;1;1;8;10
churchill downs seating chart;5;2;2;45;31
collagen vascular disease wikipedia;1;0;0;8;42
collagen vascular disease guide;1;0;0;10;42
women and minority employees policies;1;4;3;6;46
Kursk accident;1;2;1;5;7
WHere is Suny Lbany Hospital located;1;0;0;0;38
New York City;1;1;0;0;32
growth of Bollywood and  Indian politics;1;0;0;0;9
australia homicide rates after 1996;1;1;0;1;23
besy ways to get fit;1;0;0;0;16
safety nets in the UK;1;0;0;2;52
ingredients used in swahili food;1;0;0;8;47
space exploration cost;2;3;0;0;45
newtons laws;1;1;0;0;49
what happened at the Port Arthur Massacre;1;0;0;10;51
Bollywood + indian government;1;0;0;0;9
Connecticut firefighter training;1;1;0;0;34
information technology entrepreneur;2;4;0;0;41
Face transplants;2;9;9;20;5
existence of god compare naturalism theory;1;1;0;1;14
best places in usa for a 1 month visit;3;0;0;0;32
martin bryant;1;1;1;10;23
Travel to the poconos;1;1;1;4;19
Politicians response to Eurozone crisis;1;1;1;2;36
India government Bollywood;1;0;0;6;9
beauty pageants india;1;0;0;2;57
making your own business;1;0;0;0;41
false pregnancy;2;5;3;6;18
UK Health care social security;1;0;0;1;52
places to stay pocono mountains pennsylvania;1;0;0;5;19
teacher evaluations;1;1;1;4;58
what is collagen vascular disease?;1;1;1;9;42
submarine Kursk "on-board commander";1;0;0;4;8
employer retirement or personal;2;0;0;20;53
social culture marriage;1;0;0;0;12
hotel in Pocono Mountains;1;1;1;8;19
voip free europe calls;1;0;0;7;15
depression can't sleep;1;0;0;0;17
Merck and Co. lobbying;1;3;3;10;35
Connecticut Fire Academy graduates;1;0;0;2;54
cheapest internet phone services;1;2;2;10;15
top spots in philadelphia;1;0;0;1;59
PhD in business worth it;1;0;0;3;3
silicone rook coating;1;1;0;1;37
Indian government beauty competition;1;0;0;0;57
dehumidifiers reviews best value;1;0;0;10;25
typical milestone child development in Asia;1;2;1;5;40
portugal eurozone;1;1;1;10;36
Kursk sinking because of climate;1;0;0;3;7
healthcare and social security in the UK;1;0;0;5;52
crossing purebreds;1;0;0;4;28
merck washington d.c.;1;0;0;0;35
tax on junk food;1;0;0;9;10
how to succeed owning a business;1;0;0;0;41
best way to evaluate employees;3;2;0;10;48
space exploration government spending;1;0;0;0;45
pocono mountains map;1;0;0;9;19
healthcare and social security in the US;1;3;2;3;52
weight loss and fitness;1;0;0;0;16
aids charities;1;1;0;0;60
poconos mountains travel;1;1;1;10;19
JP Morgan Chase data center locations;4;1;1;37;55
legislations or policies merck lobbied for or against;1;0;0;0;35
non-profit organization;1;0;0;10;53
countries banning red bull;1;0;0;6;24
expectations of internet phone service;1;0;0;6;44
SUNY Albany;1;0;0;0;38
us law prohibiting redbull;1;0;0;0;24
Merck pharma legislations or policies lobbied for or against;1;0;0;0;35
what is europe doing to solve its economic troubles;1;4;2;2;36
support groups for people with depression;1;0;0;0;17
cultural wedding tradions;1;0;0;0;12
international scholarships  SUNY;1;0;0;0;38
developmental milestones for infants in east asian countries;1;0;0;4;40
The History of glassblowing science;1;0;0;8;33
DEHUMIDIFIER;2;0;0;15;25
submarine Kursk Barents politics;2;0;0;11;7
JP Morgan Chase;2;0;0;20;55
target percentages minority employees;1;0;0;5;46
dehumidifier home depot;1;0;0;1;27
determining internet service;1;0;0;2;44
technology behind hydroelectric Electricity;1;0;0;10;21
Which is better 403(b) or an IRA?;1;0;0;10;53
Indian beauty competition Lara Dutta;1;1;0;0;57
yosemite;1;3;0;0;26
turbine efficient hydroelectricity;1;1;0;0;49
Connecticut firemen school;1;0;0;10;54
Swahili recipe;2;0;0;0;1
Merck politics;1;0;0;0;35
political climate in russia in 200;1;0;0;0;7
philly tourism;1;0;0;0;59
business advice;2;0;0;0;41
Pocono Mountains national parks;1;1;1;10;56
chinese wedding cerimonies;1;1;0;0;12
employer-offered 403(b) retirement plan;1;0;0;6;53
face transplants patients lives;1;0;0;9;5
where is Dulles airport;1;0;0;1;2
Connecticut Fire Academy;22;5;5;182;54
newborn milestones japan;1;0;0;10;40
What was the final death toll of the massacre?;2;0;0;0;51
Evidence that supports the existence of go;1;0;0;2;14
ethnic weddings;1;0;0;0;12
features that great VOIP services;1;3;3;10;15
IT start up;2;0;0;0;41
help to quit smoking;1;1;0;5;4
tips for your own business;1;0;0;0;41
traditional kenya recipes;1;0;0;10;30
Bollywood oscars;1;1;0;1;29
five star hotel in pennsylvania;3;0;0;0;19
junk food taxation;2;1;0;16;10
philadelphia sightseeing within 150 miles;2;0;0;0;59
Poconos activities;1;1;1;10;19
Kursk Countries;1;0;0;10;8
merck united states legislation;1;0;0;0;35
Do infants age 0-12 months experience different developmental milestones depending on culture?;3;0;0;0;11
internet phone service review;1;0;0;10;44
Suny college bioinformatics degree;1;1;0;0;38
bollywood films rank;1;0;0;2;29
consequences building hydroelectric dams could have on the environment;1;0;0;10;21
benefits cross breeding dogs;1;0;0;10;28
pros and cons crossing purebred dogs;1;0;0;2;28
female employment target;1;1;0;0;46
starting a new business;1;4;0;0;41
Travel destinations comparison;1;3;0;0;26
red bull worth banning in the US;1;0;0;1;24
what is the newest information on understanding pesudocyesis;1;0;0;0;18
be a successful business owner;1;0;0;0;41
french winning only one world cup 1988;1;0;0;5;13
Where is Dulles Airport;1;1;0;1;2
efficiency of hydropower.;1;1;1;10;21
silicon roof coating best use;1;0;0;2;37
charities for african HIV and malaria;1;1;1;5;60
how does hydoelectric power work;1;0;0;10;21
know how many SUNY colleges there are;1;0;0;0;38
United States visitor guide;2;0;0;0;32
how to lose weight?;1;1;0;0;16
weight loss management;1;1;0;2;16
depression symptoms;2;0;0;0;17
pseudocyesis cause;1;1;1;10;18
cost/benefit analysis of doctoral degrees;1;0;0;0;3
wedding celebrations different religions;1;0;0;0;12
is gun control a good idea;1;1;1;4;22
eurozone crisis;6;11;3;14;50
When did the massacre occur?;2;0;0;0;51
swahili words for food;1;1;1;8;47
US laws proposing a ban on drinks like Red Bull;1;0;0;10;24
swahili cooking recipe;1;0;0;0;1
causes depression;1;0;0;2;17
best type of water turbine;1;0;0;0;49
SUNY Albany hospital;1;1;0;0;38
are employee quotas good;1;0;0;0;46
private or personal retirement fund;1;0;0;10;53
port arthur massacre wikipedia;2;0;0;14;51
evaluating employee tips;2;2;2;20;48
toursim placess in the united states;4;3;3;40;32
Collagen Vascular Disease;1;4;4;10;42
benefits of getting phd business;1;0;0;0;3
destinations in the us;1;0;0;0;32
australia gun crime martin byrant;2;0;0;2;23
hotels poconos mountains;1;0;0;9;19
kenya swahili recipes;2;0;0;10;1
dulles airport shuttle;1;0;0;0;2
health tax;1;0;0;0;10
UK Social safety net;1;0;0;3;52
Port Arthur Massacre guns Australia;1;1;0;5;23
Merck lobby -hpv;1;0;0;6;35
business phd worth it;1;0;0;3;3
merck pharmaceutical policies;1;0;0;4;35
philadelphia activities within 150 miles;1;0;0;0;59
dulles airport location;3;1;0;0;2
which fleet did the kursk belong to;1;0;0;7;8
connecticut fire academy;3;0;0;29;34
advantages of teacher evaluations by students;1;0;0;2;58
Pocono Mountains region;7;14;13;62;56
philadelphia historical site;1;1;0;0;59
port arthur;3;0;0;18;51
JPMorgan Chase data centers comparison;1;0;0;7;55
merck anc co US policy;1;0;0;2;35
healthcare united kingdom;1;0;0;0;52
Bollywood located;1;0;0;7;29
hydroelectric per kwh;1;0;0;0;49
Connecticut firemen academy;1;0;0;10;54
Russian Submarine Kursk commander;1;1;1;10;8
european economic resolutions;1;0;0;1;36
vacation comparisons;1;2;1;1;26
top vacation spots in the pocono mountains;1;1;1;8;19
fix roof to cool house;1;2;0;0;20
Glassblowing throughout history science;2;1;1;12;33
school snack ban;1;0;0;0;10
companies and minorities hiring;1;0;0;1;46
how does water turbine work;1;1;0;0;49
operation water turbines;1;0;0;0;49
technology information success;2;0;0;0;41
Connecticut Fire Academy training;4;0;0;32;54
connecticut fire academyt;1;0;0;4;34
merck political contributions;1;0;0;0;35
chase data center;1;0;0;10;55
IT company;1;1;0;0;41
foreign marriage ceremonies;1;1;0;0;12
BEST DHUMIDIFIER;1;0;0;1;25
Churchill Downs, the seating chart, the breeders cup races, the Kentucky Derby museum.;1;0;0;8;31
side effects red bull;1;0;0;10;24
Dulles airport metro;2;2;0;0;2
Eurozone crisis economic effects by country;1;0;0;0;50
exercises;1;2;0;0;16
bollywood policies growth;1;0;0;10;9
pocono mountains parks;2;2;2;16;56
crossbreeding designer dogs;1;0;0;9;28
red bull harmful;1;0;0;7;24
philadelphia  locations within 150 miles;1;0;0;0;59
water power;1;0;0;0;49
vacation for a week;1;2;2;6;26
space exploration pro and con;1;0;0;0;45
Swahili food spices;1;1;1;8;47
Port Arthur massacre location;1;0;0;7;51
hydropower;6;6;6;60;21
US spending too much on space exploration;1;0;0;0;45
tips for running your own business;1;1;0;0;41
Indian politics and Bollywood;3;0;0;19;9
Pocono Mountains trip;1;0;0;10;19
advantages and disadvantages of teacher peer evaluation;1;1;1;4;58
mountains;1;0;0;1;56
infants ages 0-12 developmental milestones culture;1;1;0;0;11
business PhD cost;1;0;0;3;3
traditional Swahili food;5;4;1;21;6
Swahili dish;5;0;0;19;1
merck influence law;1;0;0;3;35
PROTECT ROOF SUMMER HEAT;1;1;0;0;20
dehumidifier feature;1;0;0;6;27
European economic issues;1;0;0;10;36
swahili traditional cuisine;1;0;0;1;6
best internet phone;1;0;0;4;44
developmental milestones 0-12 months China;1;0;0;2;40
Is a masters degree in business enough;1;0;0;0;3
quiz for fireman;1;0;0;0;34
merck and co. united states policies;1;0;0;3;35
seattle area;1;0;0;0;32
face transplants before and after;1;0;0;10;5
employee evaluation advice;1;1;0;1;48
Charities in africa;1;0;0;1;60
what are designer dogs;1;0;0;0;28
collagen vascular disease effects;1;1;1;10;42
churchill downs breeders cup races;2;0;0;18;31
how to perform employee evaluations;2;1;0;6;48
crossing purebred dogs;7;5;1;14;28
SUNY colleges offer bioinformatics degree;1;0;0;0;38
what is face transplants;1;0;0;7;5
silicone roof coating material uses;1;0;0;2;37
cross purebred dogs;1;0;0;1;28
get fit;1;0;0;0;16
ways to quit smoking;1;4;3;4;4
developmental milestones 0-12  China;1;0;0;4;40
RHEUMATOLOGY SPORTS;1;1;0;0;42
403(b) pros and cons;1;0;0;10;53
benefits of phd in business;1;1;0;1;3
how to tell if someone is depressed;1;1;1;10;17
quit smoking hypnosis effective;1;1;1;2;4
merck legistlation;1;0;0;4;35
Red bull bad ingredients;1;0;0;6;24
charities fighting Malaria in Africa;1;0;0;5;60
lake tahoe vacation package;1;1;1;2;26
best cheesesteaks in Philadelphia;1;0;0;1;59
evaluate your employees;1;0;0;8;48
best places for week long vacations;1;1;1;3;26
united states hotels;1;0;0;0;32
American Cities close to tourist attractions;1;2;0;0;32
lake tahoe vacation;1;1;1;1;26
Best cities to visit without a car United States;2;0;0;3;32
best material for roof coating;1;3;1;1;37
phd business worth it;1;0;0;0;3
pseudocyesis advances in medicine;1;0;0;10;18
hawaii vacation;1;2;2;10;26
different marriages;1;0;0;0;12
charities HIV/AIDS malaria in Africa;1;2;1;6;60
philadelphia attractions;4;5;0;0;59
why indians are successful in beauty competitions;2;0;0;2;57
VOIP free providers;1;0;0;10;15
races at churchill downs;1;0;0;3;31
best hotels poconos mountains;1;0;0;0;19
hotels pocono mountains pennsylvania;1;0;0;7;19
health care uk;1;0;0;3;52
jp morgan data center compares to google;1;0;0;4;55
air conditioning solar panels;1;0;0;0;20
Swahili diet;2;0;0;0;1
403(b) advantages;1;0;0;10;53
Travel information Pocono Mountains Pennsylvania;1;0;0;6;19
pros cons mba phd;1;0;0;0;3
quit smoking programs;2;4;1;2;4
breeding designer dog effects;1;0;0;9;28
hypnosis in quitting smoking;1;0;0;7;4
Why use internet phone service;1;3;3;8;44
UK US saftey net differences;1;0;0;0;52
france world cup win 1998 finance reaction;1;0;0;7;13
safety nets;2;0;0;20;52
teacher peer evaluations;4;3;3;40;58
Pocono mountain fishing;1;0;0;10;19
fun road trips;1;1;0;0;43
Leading Parhmacutical companyies and lobbying;1;1;0;0;35
Merck pharma legislations lobbie;1;0;0;2;35
red bull worth banning;1;0;0;6;24
philadelphia amtrak;1;0;0;0;59
Martin Bryant port arthur;1;1;1;5;23
best ideas for road trips;1;1;0;0;43
Best places to vacation in the United States;1;0;0;0;32
suny albany hospital;1;0;0;0;38
swahili food;15;10;7;59;1
Kursk Wikipedia;1;0;0;10;8
home air dehumidifier;1;1;0;6;27
face transplant psychological;1;0;0;10;5
Vacation Destination costs comparison \;1;0;0;2;26
who died in port arthur massacre;1;0;0;6;51
red bull concerns;3;0;0;23;24
dulles airport parking;3;2;0;2;2
COLLAGEN VASCULAR DISEASE;1;1;1;10;42
philadelphia cheesesteaks;1;0;0;0;59
current causes of pseudocyesis;1;0;0;1;18
red bull bad;1;0;0;10;24
hydoelectric power;1;0;0;10;21
effects of gun control on violence;1;0;0;9;22
"Pseudocyesis advances";1;1;1;10;18
red bull ban;2;0;0;2;24
fire station connecticut;1;0;0;2;54
Pseudocyesis advances;1;0;0;10;18
You are planning a winter vacation to the Pocono Mountains region in Pennsylvania in the US. Where will you stay? What will you do while there? How will you get there?;1;0;0;0;19
female workers good for new company;1;0;0;0;46
fitness goal.;1;0;0;0;16
Lara Dutta wiki;1;1;0;0;57
hydroelectric power;1;0;0;0;49
red bull problems;1;0;0;8;24
depression;3;0;0;12;17
french reaction following 1998 world cup win;1;0;0;7;13
marriage in japan;1;0;0;0;12
chicago;3;1;0;0;32
teacher evaluations from students;1;0;0;6;58
quit smoking methods;1;1;1;5;4
Where to stay in the poconos;2;0;0;4;19
help someone with depression;1;0;0;0;17
Water turbines types;1;0;0;0;49
NASA Budget;1;3;0;0;45
UK US safety net differences;1;0;0;0;52
dehumidifier technical specifications;1;0;0;8;27
African charities;1;0;0;10;60
cost benefits phd business;1;0;0;4;3
fitness goals;1;1;0;0;16
red bull nutrition;1;0;0;8;24
Pseudocyesis recent advances;1;1;1;9;18
safety net us vs uk;1;0;0;2;52
best roof coating for keeping low temperature;2;0;0;2;37
hydropower efficiency;3;2;2;30;21
Churchill Downs Kentucky Derby museum;1;2;1;6;31
infant developmental milestones cultural;1;0;0;0;11
environmental impacts water turbines;1;0;0;0;49
how gun control has effected gun violence;1;2;1;4;22
"space exploration" costs;1;0;0;0;45
pennsylvania mountain region;1;0;0;0;19
tourism within 150 miles of philadelphia;1;0;0;0;59
providers of VOIP internet phone service;2;0;0;15;15
themed road trips;1;0;0;0;43
east asian development milestones;1;1;1;10;40
Chase data centers;2;0;0;20;55
best cities planning a trip to the United States;1;0;0;0;32
weight loss basics;2;0;0;2;16
Connecticut Fire Academy  training sessions;1;0;0;8;34
developmental milestones 0-12 months East Asian countries;1;3;1;2;40
government spending on space exploration;3;2;0;0;45
best choices for running a business;1;0;0;0;41
glassblowing;2;6;6;20;33
junk food trax;1;0;0;10;10
PhD in business helpful;1;0;0;2;3
churchill downs racing schedule;3;1;1;18;31
business PhD;1;0;0;2;3
Where is Bollywood Locatd?;3;0;0;15;29
Connecticut fire academy;4;4;4;37;34
newtons laws turbine;1;0;0;0;49
what make internet phone service great;2;0;0;20;44
Swahili dishes kenya;1;1;0;0;1
Fitness and Exercises;1;0;0;0;16
JP Morgan Chase data centers comparison microsoft facebook data centers;2;0;0;8;55
HIV/AID charities for africa;1;3;0;1;60
silicone roof coating;24;28;27;228;37
why is it called bollywood;2;0;0;20;29
Indian government Miss Universe;1;0;0;7;57
traditional swahili home cooking;1;2;0;0;1
Pocono Vacation events;1;0;0;5;19
infant milestones based on culture;2;1;0;0;11
port arthur shooting;1;1;1;10;23
Merck lobbying in the US;1;2;2;8;35
Face transplants better living;1;1;1;9;5
Lara Dutta miss universe;1;0;0;1;57
Churchill Downs;9;5;5;90;31
PHD in business benefits;1;0;0;3;3
Dulles airport taxi;1;0;0;0;2
wedding traditions;1;0;0;0;12
charities HIV/AIDS or malaria in Africa;4;0;0;24;60
help choosing retirement plan IRA or 403b;1;3;2;5;53
information of Dulles airport;1;0;0;0;2
can a person continue sport after getting  collagen vascular disease;1;0;0;6;42
traditional food in kenya;1;1;0;0;47
UK Health care safety net;1;0;0;1;52
run a technology business;1;1;0;0;41
teacher evaluations fromstudents;1;0;0;6;58
churchill downs race schedule;1;1;1;8;31
designer dogs pro con;2;0;0;6;28
developmental milestones age 0-12 months;1;0;0;0;11
should i hire more women;1;0;0;2;46
percentage of new women employees;2;0;0;7;46
cross breeding dogs;1;0;0;10;28
face transplants news;1;0;0;9;5
Port Arthur location;1;0;0;6;51
debate us govt. space program spending;1;0;0;0;45
403b vs ira;1;4;4;10;53
Port Arthur Massacre;1;3;2;5;23
solving the european economic crisis;1;1;0;6;36
Swahili language or cuisine?;1;1;1;3;47
winter pocono;1;0;0;9;19
philosophy assignment;1;0;0;0;14
philadelphia phillies;1;1;0;0;59
Eurozone crisis + political decisions;1;0;0;0;36
french world cup 1988;1;0;0;4;13
eurozone crisis explanation;1;0;0;8;39
symptoms depression;1;0;0;0;17
united states possible destinations;1;0;0;0;32
famous scientific glass blowing;2;4;4;20;33
Eurozone crisis wiki;1;0;0;10;39
how bollywood is becoming more popular;1;0;0;3;9
recent developments in pseudocyesis;1;0;0;10;18
eurozone economic crisis resolution;1;1;1;5;36
best exercise for weight loss;1;0;0;4;16
kenya food recipes  Swahili;1;1;0;0;1
specifications of a dehumidifier;1;2;1;1;27
Pseudocyesis  research;1;0;0;10;18
Eurozone crisis, compare and contrast;2;0;0;0;50
UK health insurance;1;0;0;0;52
company target percentage women and minorities;2;0;0;3;46
pseudocyesis scientific paper;2;1;1;10;18
student evaluations;1;0;0;1;58
Swahili home cooking;2;0;0;0;1
When was the Connecticut Fire Academy established?;1;0;0;1;54
Dehumidifier prices;1;0;0;6;27
Indian policies in beauty pageants;1;0;0;1;57
cost of space eploration;1;0;0;0;45
poconos mountains map;1;0;0;10;19
Kursk Sinking;1;0;0;10;8
pocono mountains things to do;1;2;2;8;56
philadelphia guide tourists;1;1;0;0;59
kiursk submarine;2;0;0;0;8
Suny Plattsburgh athletics;1;2;0;0;38
Climate in Russia + kursk;3;0;0;6;7
bollywood growth politics;1;0;0;10;9
plan a good road trip in us;1;0;0;0;43
HIV or malaria Charities in africa;1;0;0;5;60
unusual wedding tradition;1;1;0;0;12
phd business cost benefit;1;0;0;1;3
location of port arthur;1;0;0;10;51
Martin Bryant port arthur australia;2;0;0;10;23
lower health insurance premiums for non-smokers;1;0;0;0;4
why isn't hydropower used more often;2;0;0;20;21
Pocono Mountains;12;9;9;118;56
Pocono;1;0;0;6;19
shinto wedding information;1;0;0;0;12
pros of designer dogs;1;0;0;2;28
what are the causes for pseudocyesis;1;0;0;0;18
tech startups;1;0;0;0;41
entertainment vacations;1;0;0;3;26
women employee threshold;1;0;0;1;46
Bollywood;7;3;3;62;29
african charities fighting malaria;1;0;0;7;60
philosophy god versus naturalism theory;1;0;0;0;14
UK Health care system;1;0;0;0;52
merck lobbying;5;1;1;43;35
attractions 150 miles philadelphia;1;0;0;0;59
marriage around the world;1;0;0;0;12
new company;1;0;0;0;41
developmental milestones 0-12 months depending on culture;1;1;0;0;11
Dehumidifier buying guide;1;0;0;3;27
plan road trip;1;6;0;0;43
business phd degree worth it;1;0;0;1;3
Eurozone crisis GDP public debt;1;5;0;0;50
jp morgan chase servers;1;1;1;6;55
how to use less air conditioning;1;0;0;1;20
internet phone services USA;1;0;0;4;15
eurozone crisis impact on economy;1;0;0;0;50
best material to cool down roofs;1;1;0;0;37
education analysis;1;0;0;0;3
silicone roof coating  solutions;1;0;0;1;37
russian wedding;1;0;0;0;12
hypnosis for smoking cesation;1;0;0;1;4
world cup france;2;0;0;6;13
Wedding ceremony japan;1;0;0;0;12
technology businesses;1;0;0;0;41
US government's spending on space exploration;1;0;0;0;45
Pocono Mountains Pennsylvania attractions;1;0;0;5;19
russian sub kursk;1;0;0;10;8
does gun control to stop gun violence;1;1;1;10;22
Face transplants better life;1;2;2;10;5
gun homicides australia by year;1;0;0;2;23
connecticut fire academy training;1;0;0;10;34
poconos vacation;1;1;1;10;19
swahili dinner recipes;1;0;0;0;1
bollywood beverly hills;1;0;0;0;29
Bollywood in hollywood;1;0;0;6;29
pseudocyesis knowledge;2;1;1;11;18
side effects of red bull;1;1;1;7;24
Swahili meals;2;0;0;10;47
infants in different cultures;1;0;0;0;11
US Vacation cities;1;0;0;0;32
Charities +malaria in Africa;1;0;0;10;60
reduce the use of air conditioning;1;0;0;0;20
how do turbines work;1;0;0;0;49
facts on face transplants;1;3;3;9;5
internet phone service providers;1;1;1;4;44
weight loss tips;1;0;0;1;16
alternative to air conditioning + roof;1;0;0;0;20
Is god dead philophical;1;0;0;0;14
Teacher peer evaluation;2;1;1;20;58
breeding dogs;1;3;3;10;28
Gulf Shores things to do;1;0;0;0;26
What is silicone roof coating?;2;1;1;20;37
tourist attractios in Philadelphia, PA;1;0;0;0;59
Where is Port Arthur?;2;0;0;10;51
Red bull side health;1;0;0;9;24
VOIP internet phone services;2;1;0;12;15
Solar panels benefit;1;0;0;1;20
psuedocyesis;2;2;2;2;18
junk food tax;10;22;21;98;10
How to keep the sun off the roof to keep AC bills down;1;0;0;0;20
diversification in hiring;1;0;0;0;46
impact of govt policies on beauty competitions;2;0;0;0;57
how to organize a good road trip;1;1;0;0;43
tips to quit smoking;1;2;1;4;4
chicago vacation;1;0;0;4;26
India + Miss Universe;1;0;0;0;57
high school peer and teacher evaluations pros cons;1;0;0;0;58
designer dog breeds pros;1;1;0;4;28
ingredients swahili cooking;1;1;0;7;47
Merck Campaign Donations;1;0;0;2;35
should I get a PhD in Business;1;1;0;0;3
best vacation spots;1;2;2;10;26
evidence of gods existence;1;0;0;10;14
hypnotic smoking cessation;1;0;0;3;4
developmental milestones age 0-12 Japan;1;1;1;2;40
State University of New York colleges;1;1;0;0;38
Charities + HIV in Africa;1;0;0;2;60
dehumidifiers best value;1;1;1;10;25
tech start up succes;1;0;0;0;41
face transplants stories;2;1;1;11;5
stop smoking help;1;0;0;0;4
kenya traditional cooking;1;0;0;6;30
red bull non safe;1;0;0;7;24
new york;2;0;0;0;32
best swahili dishes;1;1;1;2;6
high school peer and teacher evaluations;1;2;2;6;58
dehumidifier;15;3;3;150;27
Gulf Shores;1;0;0;0;26
cooking Swahili food;1;0;0;0;1
Hydro Turbine;1;2;0;0;49
fireman traing;1;0;0;0;34
business phd;1;1;0;2;3
SUNY colleges athletic scholarships;3;4;0;0;38
france 1998 world cup stock markets;1;0;0;10;13
donate money;1;0;0;0;60
bollywood policies and legislation;1;0;0;10;9
Things to do in philadelphia;1;2;0;0;59
naturalist ideas;1;0;0;0;14
collagen vascular disease impact;1;1;1;8;42
labradoodle;1;2;0;0;28
best internet phone services;4;5;5;39;15
UK US safety nets social security systems;1;2;1;5;52
USA visitor guide;1;0;0;0;32
diversity quota;2;0;0;0;46
data centers and where does JP Morgan stack up?;1;0;0;4;55
red bull health issues;1;0;0;4;24
Hotels near Dulles airport;1;0;0;2;2
compare vacation costs;1;0;0;0;26
top tourist spots near philadelphia;1;0;0;0;59
breeders cup races;2;2;0;4;31
quality dehumidifiers;2;2;1;8;27
are minorities employee good for a company?;1;0;0;0;46
port arthur homicide;1;0;0;10;23
shinto wedding;1;0;0;0;12
Aids charities;1;3;0;0;60
Kursk torpedo;1;0;0;7;8
kenyan dishes;2;0;0;1;1
Eurozone crisis bailout plans;1;1;1;4;36
internet phone service cost;1;0;0;10;44
JPMorgan Data Center;3;0;0;4;55
jp morgan chase data centers;3;0;0;30;55
philadelphia independence hall by car;1;0;0;0;59
french winning world cup 1998;1;2;2;10;13
churchill downs ticket prices;1;0;0;9;31
Government and Bollywood;1;0;0;9;9
All about Bollywood;1;0;0;5;29
Best internet phone services USA;1;0;0;10;15
Kursk dead;1;0;0;9;8
exercise plan;1;0;0;1;16
do women make good employees?;1;0;0;2;46
business pHD analysis;1;0;0;0;3
Port Arthur Massacre effect;1;0;0;5;23
glassblowing craft history;1;0;0;10;33
infant milestones asia;1;0;0;6;40
JP Morgan Chase data center;1;0;0;10;55
employee diversification;1;0;0;0;46
health care   UK;1;0;0;3;52
Hot Swahili dishes;2;0;0;11;47
hybrid dog breeding;1;2;1;6;28
Indian beauty competition;1;0;0;0;57
how many female employees is best;1;0;0;1;46
merck lobby washington;1;0;0;5;35
SUNY colleges offering bioinformatics degree;1;1;0;0;38
face transplant effects;1;0;0;10;5
MBA worth it;1;1;0;0;3
lower air conditioning;1;0;0;1;20
India government legislation Bollywood;1;0;0;6;9
becoming a fireman;2;0;0;0;34
Port Arthur Massacr;1;0;0;7;23
cheap internet phone service;2;1;0;0;15
pocono events;1;0;0;10;19
french winning world cup 1998 stock market;1;1;1;10;13
52061;1;0;0;0;5
free calls to europe;1;0;0;0;15
swahili mishkaki;2;0;0;20;6
does it help business to hire more women and minorities;1;0;0;1;46
weddings around the world;1;0;0;0;12
doctarate in business;1;0;0;0;3
phd business  cost benefit;1;0;0;3;3
24996;1;0;0;0;58
different religious weddings;1;0;0;0;12
dangerous effects of red bull;1;0;0;5;24
turbine environmental impact;1;0;0;0;49
arthritis sports;1;0;0;0;42
Pocono Mountains things to do;1;1;1;8;56
visit usa;1;0;0;0;32
Connecticut Fireman;1;0;0;0;34
Designer dogs pros and cons;1;0;0;10;28
healthcare US vs UK;2;1;0;1;52
pocono hotels;1;1;0;7;19
Vacation Destination costs comparison;1;0;0;2;26
pocono mountain features;1;1;1;10;56
Merck lobby;1;0;0;10;35
types of water turbines;2;2;0;0;49
IRAs pros and cons;1;0;0;7;53
hypnosis to quit smoking;2;0;0;4;4
most effective weight loss diet;1;0;0;2;16
child development in china;1;0;0;7;40
eurozone greece crisis;1;1;1;4;36
roof coating;2;0;0;10;37
russian sub sink;1;0;0;2;8
Connecticut fire academy programs;1;0;0;6;34
red bull negative side effects;1;0;0;6;24
American v. British health care system;1;0;0;0;52
dulles airport taxi cab;1;0;0;0;2
Pseudocyesis  advances;1;0;0;10;18
jp morgan chase data center computational;1;0;0;9;55
philadelphia activities;1;1;0;0;59
Churchill Downs wikipedia;1;0;0;8;31
east asian child milestones;1;0;0;10;40
gun control;6;2;2;60;22
bollywood entertainment legislation;2;0;0;15;9
pocono mountain winter activities;1;0;0;10;19
Kentucky Derby museum;1;0;0;10;31
eurozone crisis effects;1;0;0;0;50
minority employees percentage;1;0;0;10;46
lara dutta indian government;1;1;0;1;57
Dulles airport area everything;1;0;0;0;2
Poconos mountain fishing;1;0;0;10;19
space exploration government funding;1;0;0;0;45
Bollywood affect governement;1;0;0;3;9
pseudocyesis today;2;0;0;1;18
philadelphia airport;1;0;0;0;59
evaluating teachers best way;1;0;0;0;58
pocono mountain attractions;1;2;2;7;56
why did Kursk sink?;1;2;2;5;7
philadelphia public swimming;1;0;0;0;59
developmental milestones for each culture;1;1;0;0;11
internet phone service reviews;3;1;1;25;15
dulles airport offsite transportation;1;0;0;0;2
women minority employees percentage;1;0;0;7;46
health effects of junk food;1;0;0;4;10
bollywood government support;1;0;0;10;9
causes of pseudocyesis;2;3;3;11;18
red bull risks;1;0;0;8;24
dulles airport hotels;4;3;3;4;2
HOW TO REDUCE ROOM TEMPARATURE WITH OUT AIR CONDITIONER;1;0;0;2;20
existence of God vs naturalism;1;1;0;0;14
wedding ceremonies different cultures;1;0;0;0;12
US  vs UK workers;3;1;0;2;52
Best places to travel in the United States;1;0;0;0;32
examples of employee evaluations;1;3;3;6;48
Why India wins beauty competition;1;0;0;1;57
how to get fit;1;1;0;0;16
kenya swahili food;1;0;0;10;30
collagen vascular disease and playing sports;1;0;0;10;42
taxes on junk food;1;3;3;8;10
Why the US should continue space exploration;1;1;0;0;45
internet phone service free international calls;1;0;0;1;15
glassblowing wiki;1;0;0;10;33
is having a certain number of women or minorities good for company?;1;0;0;0;46
wedding ceremonies asia;1;0;0;0;12
Kursk sinking and Russian politics;1;1;1;6;7
pocono mountains state parks;1;1;0;6;56
do i need more women and minority employees;1;0;0;6;46
Beach Vacation United States;1;0;0;0;32
kenya traditional recipes;1;1;1;10;30
Merck and Co. pharmaceutical;1;0;0;6;35
how to compare internet service;1;1;0;1;44
new developments in pseudocyesis;1;0;0;1;18
advantages phd in business;2;0;0;4;3
various wedding ceremonies;1;1;0;0;12
how do water turbines work?;1;0;0;0;49
best internet phone service;2;4;4;15;44
growth of bollywood its relation to Indian politics.;1;0;0;0;9
gun control and violence;2;3;3;16;22
churchill downs history;1;0;0;8;31
weight loss possibilities;1;0;0;1;16
how to cook swahili dishes;1;1;1;10;6
How long is the curriculum in the Connecticut Fire Academy;1;1;1;2;54
keys to good road trip;1;0;0;0;43
advances pseudocyesis;1;0;0;2;18
What is the best material to use if the purpose is cooling down the roof so that the house temperature remains low?;1;0;0;0;37
how can I stop smoking?;1;0;0;6;4
Red Bull banned;1;2;0;1;24
red bull drink worth banning in the US;1;0;0;2;24
russian politics causing the sinking of climate;1;0;0;0;7
one week vacation;1;1;1;5;26
new guitar strings;2;1;0;0;5
benefits of advancing education;1;0;0;0;3
hydropower environment;1;1;1;10;21
Best VoIP phone service;1;4;4;7;15
pocono mountains;9;8;8;90;56
Red Bull health concerns;11;1;1;99;24
Russian Submarine Kursk number of casualitys;1;2;2;9;8
dulles airport city location;1;0;0;0;2
largest JP Morgan Chase  data center;1;0;0;7;55
jp morgan chase data center;1;0;0;10;55
how to help someone with depression;2;0;0;11;17
Is there a god arguments;1;0;0;0;14
wedding traditions ceremonies asia;1;0;0;0;12
traditional swahili recipes;2;3;1;10;1
new york tourism;1;2;0;0;32
study gun control effectiveness;1;0;0;7;22
east asian child development;1;1;1;10;40
pseudocyesis developments;1;1;1;10;18
flights poconos;1;0;0;9;19
JP Morgan Chase data centers location investment;1;1;1;7;55
visit united states;1;0;0;0;32
security systems uk Vs us;1;0;0;2;52
red bull drink concerns;1;2;0;3;24
Breeders Cup;1;0;0;3;31
Bollywood wikipedia;1;1;1;6;29
eurozone debt;1;0;0;0;50
Suny Colleges;1;2;0;0;38
determine internet phone service;1;0;0;10;44
adding women and minority employees good idea for company?;1;2;0;2;46
various marriages;1;0;0;0;12
IRA adisadvangtages;1;0;0;10;53
social security systems of  Uk;1;0;0;6;52
France won its first (and only) World Cup in 1998.;1;0;0;5;13
JP Morgan data center;1;0;0;10;55
403(b) retirement plan;1;0;0;4;53
social security systems of  US;2;0;0;2;52
space exploration finance;1;0;0;0;45
trip to Philadelphia;1;0;0;0;59
diets;1;2;0;0;16
Philadelphia site seen;1;0;0;1;59
roof sun energy savings;1;0;0;0;20
JP morgan vs google;1;0;0;2;55
INDIA;1;0;0;0;59
Philadelphia hot spots;1;0;0;0;59
chinese wedding;1;0;0;0;12
at what age do babies learn to walk china;1;0;0;1;40
Philadelphia nearby attractions;1;1;0;0;59
social security systems of  UK;1;0;0;5;52
what is hydropower;1;1;1;8;21
swahili recipies;2;0;0;0;1
silicone roof coating definition;1;0;0;2;37
weight loss program;4;0;0;7;16
glass science history;2;0;0;20;33
prices of dehumidifiers;1;1;1;6;27
fireman;1;0;0;0;34
babies developmental milestones;1;0;0;0;11
swahili mutton;1;1;0;8;6
pseudocyesis causes;3;2;2;30;18
Kenyan cuisine;2;2;0;0;1
pseudocyesis recent developments;1;0;0;10;18
Merck pharma policies lobbied;1;2;0;1;35
charities in Africa;1;2;2;4;60
types water turbines newtons second and third law;1;0;0;0;49
Bollywood city;1;1;0;1;29
Wedding traditions in differnet countries;1;0;0;0;12
road trip suggestions;1;1;0;0;43
Poconos vacation;1;2;2;10;19
Help running a new business;1;2;0;0;41
kiursk;2;0;0;0;8
IT business;2;0;0;0;41
voip basics;1;0;0;8;15
SCIENCE GLASS;1;0;0;4;33
Masters degree in Business;1;0;0;0;3
actions for the eurozone crisis;1;3;0;0;36
Dulles airport hotels;1;1;0;1;2
fight aids africa charities;1;0;0;1;60
Is a phd worth it?;1;0;0;1;3
what to do if a friend has depression;1;0;0;10;17
403 retirement vs RIA;1;0;0;7;53
it entrepreneur;1;0;0;0;41
ways to use the ac less often;1;0;0;0;20
breeders cup races 2014;1;0;0;3;31
teacher evaluations by students;1;0;0;8;58
world cup effect french stock market;1;0;0;2;13
kursk sink;1;0;0;10;8
Charities fighting HIV/AIDs/Malaria in Africa;3;0;0;2;60
ice cream shops in Philadelphia, PA;1;0;0;0;59
Martin Bryant homicide;1;1;1;7;23
vacation new zealand tripadvisor;1;2;0;0;26
connecticut fire academy wikipedia;1;0;0;6;54
403 retirement vs IRA;1;1;1;6;53
pocono mountain parks;1;0;0;6;56
wedding traditions ceremonies india;1;0;0;0;12
company target   percentage women and minorities;2;0;0;6;46
scientific advances;1;0;0;3;33
is red bull safe for you?;1;0;0;6;24
voip reviews;1;1;1;10;15
diversity in employment;1;2;0;0;46
gun control and gun violence;1;0;0;10;22
Bollywood and Government control;1;0;0;9;9
Kursk death;1;0;0;9;8
PhD in Business;2;0;0;4;3
Culture related Child development;1;0;0;0;11
eurozone crisis impact on public debt;1;0;0;0;50
traiditional swahili cooking;1;0;0;0;1
the racing schedule at Churchill Downs;1;1;1;5;31
Child development culture;1;0;0;0;11
US and UK health care  systems;1;0;0;1;52
percentage target women employees;1;0;0;7;46
The best internet phone services;1;3;3;4;44
collagen vascular disease lifestyle;1;2;2;10;42
foreign weddings;1;0;0;0;12
Connecticut fire academy location;1;0;0;7;54
Easy Ways To Reduce Air Conditioning Use;1;0;0;0;20
hiring percentages for diversity;1;0;0;0;46
Swahili herbs;2;2;2;20;47
junkfood taxation;1;0;0;0;10
JP morgan conputational scienctist center;1;0;0;4;55
403(b) or IRA;2;1;1;17;53
http://www.debate.org/opinions/should-governments-prioritize-spending-on-the-exploration-of-space;1;0;0;0;45
Pocono Vacation;1;0;0;10;19
france world cup economy reaction;1;0;0;6;13
location of port arthur massacre;1;1;1;10;51
Dulles airport facilities and l;ocation;1;1;0;0;2
different types of water Turbines;1;0;0;0;49
red bull  wiki;1;0;0;8;24
French reaction to winning the World Cup in 1998;1;1;1;10;13
Bollywood origins;1;0;0;9;29
asian wedding traditions;1;0;0;0;12
Merck pharma legislations lobbied;1;0;0;3;35
Philosophical does god exist;1;0;0;1;14
dehumidifier reviews;4;1;1;22;25
ice cream shops in Philadelphia;1;0;0;1;59
help for depression;1;2;1;2;17
where cheap off-airport parking is;1;0;0;0;2
PhD in Business cost/benefit;3;0;0;4;3
UK;1;0;0;0;59
gun control  gun violence;1;0;0;9;22
kenyan cuisine;1;0;0;0;6
company target for percentage women and minorities;1;0;0;0;46
churchill downs breeders cup;2;1;1;20;31
roof protector air conditioning;1;0;0;0;20
Road Trip Planning;1;7;0;0;43
1998 world cup france president;1;0;0;8;13
Where is the Connecticut Fire Academy located;2;2;0;2;54
is red bull bad for you;1;0;0;5;24
Great ideas for road trip;1;1;0;0;43
merck scandal;1;0;0;5;35
running an IT business;1;0;0;0;41
student evaluations of teachers;1;0;0;4;58
nicotine withdrawal;1;0;0;1;4
dishes eaten in swahili;2;1;1;20;6
cities that have the best features in the United States;3;1;0;7;32
world cup;1;0;0;1;13
Merck lobbying;5;19;18;48;35
how patients deal with face transplants;1;3;3;6;5
glassblowing 19th century;1;0;0;10;33
study gun control effectiveness fact check;2;2;2;9;22
Autouimmune;1;0;0;0;42
diversity in the workplace;1;2;0;0;46
Swahili food;7;7;6;43;47
japan infant milestones;1;0;0;10;40
god naturalism theory;1;0;0;0;14
health concerns of red bull energy drink;1;0;0;5;24
weight loss yoga;3;1;0;6;16
does god exsist?;1;0;0;0;14
different ways to quit smoking;3;0;0;6;4
pseudocyesis understanding;1;0;0;10;18
JP Morgan Chase Information;1;0;0;8;55
does god exist;3;2;0;3;14
trip philadelphia;2;1;0;0;59
planning a road trip;2;0;0;0;43
US and UK safety nets;1;0;0;10;52
Red bull risky ingeredients;1;0;0;6;24
IRAadisadvangtages;1;0;0;0;53
miss universe;1;0;0;7;57
What countries have banned the use of Red Bull;1;0;0;1;24
top winter vacation spots in the pocono mountains;1;2;1;8;19
pennsylvania state parks pocono mountains;1;0;0;5;56
best VOIP USA;1;0;0;6;15
dehumidifier consumer reports;1;0;0;4;27
aids charities africa;2;1;1;6;60
Indian government competitions;1;0;0;0;57
voip services;1;1;1;9;15
newborn milestones asian;1;0;0;10;40
enjoyable road trip;1;3;0;0;43
Hydropower;5;1;1;50;21
safety net us;1;0;0;0;52
indian government beauty pagent;1;0;0;0;57
voip providers reviews;2;14;12;16;15
wedding ceremonies ethnic;1;0;0;0;12
is the US government spending too much on space exploration;1;2;0;0;45
Martin Bryant australia;1;0;0;10;23
firearms australia;1;0;0;0;23
Connecticut Fire academy;1;0;0;10;54
growth in bollywood;1;0;0;10;9
Connecticut fire academy training;1;1;1;10;34
best uses for silicone roof coating;1;1;1;7;37
can you play sports with Collagen Vascular Disease;1;2;2;6;42
traditional Swahili recipes;1;0;0;0;1
philadelphia attraction train;1;2;0;0;59
Eurozone crisis, compare and contrast different countries;1;0;0;0;50
Churchill Downs breeders cup races;2;2;2;18;31
merck lobbying us;1;0;0;10;35
ingredients kenya  cooking;1;0;0;0;47
how to evaluate employees properly;1;1;1;10;48
Connecticut Fire Academy, training schedule;2;0;0;14;34
Philadelphia tourist spots nearby;1;0;0;0;59
facial transfusions;1;0;0;0;5
chicago things to do;2;0;0;0;32
silicone roof coating purpose;1;0;0;1;37
kursk sinking  in barents sea;1;0;0;1;7
week long vacation ideas;1;2;1;1;26
glass blowing in history;3;0;0;29;33
Connecticut fire academy establishment;1;1;1;6;54
Vacation costs comparison week;1;0;0;1;26
effect of world cup on the stock market;1;0;0;0;13
